web-scraper-order,web-scraper-start-url,product_links,product_links-href,image_url-src,breadcrumbs,selling_price,upc,ingridents,warning,grammage,product_specification,regular_price
1751952908-1,https://www.walgreens.com/store/c/allergy-medicine/ID=361485-tier3,Benadryl Liqui-Gels Antihistamine Allergy Medicine  - 48 ea,https://www.walgreens.com/store/c/benadryl-liqui-gels-antihistamine-allergy-medicine/ID=300443712-product,https://pics.walgreens.com/prodimg/665161/900.jpg,Home > Shop > Medicines & Treatments > Allergy & Sinus > Allergy Medicine,$13.99,30045059548,Diphenhydramine HCl - 25 mg (Antihistamine),"Important: Read all product information before using. Keep this box for important information.

Do Not Use: Ask a doctor before use if you have: Ask a doctor or pharmacist before use if you are taking sedatives or tranquilizers. When using this product: If pregnant or breast-feeding, ask a health professional before use. Keep out of reach of children. In case of overdose, get medical help or contact a Poison Control Center right away.",48.0 ea,"Product Type:Allergy Medicine
Product Name:Liqui-Gels Antihistamine Allergy Medicine
Brand:Benadryl
FSA/HSA Eligible:Yes
Size/Count:48.0 ea
UPC:30045059548Item Code:779808",$13.99
1751952914-2,https://www.walgreens.com/store/c/allergy-medicine/ID=361485-tier3,Walgreens 12 Hour Nasal Decongestant D Sinus Coated Caplets Maximum Strength  - 20 EA,https://www.walgreens.com/store/c/walgreens-12-hour-nasal-decongestant-d-sinus-coated-caplets-maximum-strength/ID=prod5355917-product,https://pics.walgreens.com/prodimg/419815/900.jpg,Home > Shop > Medicines & Treatments > Allergy & Sinus > Allergy Medicine,,31191710310,Pseudoephedrine HCl - 120 mg (Nasal Decongestant),"Do not use if you are now taking a prescription monoamine oxidase inhibitor (MAOI) (certain drugs for depression, psychiatric, or emotional conditions, or Parkinson's disease), or for 2 weeks after stopping the MAOI drug. If you do not know if your prescription drug contains an MAOI, ask a doctor or pharmacist before taking this product. Ask a doctor before use if you have: heart disease; high blood pressure; thyroid disease; diabetes; trouble urinating due to an enlarged prostate gland. When using this product do not exceed recommended dosage. Stop use and ask a doctor if: nervousness, dizziness, or sleeplessness occur; symptoms do not improve within 7 days or occur with a fever. If pregnant or breast-feeding, ask a health professional before use. Keep out of reach of children. In case of overdose, get medical help or contact a Poison Control Center right away. (1-800-222-1222)",20.0 EA,"Product Type:Allergy Medicine
Product Name:12 Hour Nasal Decongestant D Sinus Coated Caplets Maximum Strength
Brand:Walgreens
FSA/HSA Eligible:Yes
Size/Count:20.0 EAUPC:31191710310Item Code:510917",
1751952922-3,https://www.walgreens.com/store/c/allergy-medicine/ID=361485-tier3,Benadryl Extra Strength Antihistamine Allergy Relief Tablets  - 24 ea,https://www.walgreens.com/store/c/benadryl-extra-strength-antihistamine-allergy-relief-tablets/ID=300435845-product,https://pics.walgreens.com/prodimg/657576/900.jpg,Home > Shop > Medicines & Treatments > Allergy & Sinus > Allergy Medicine,$10.99,30045023524,Diphenhydramine HCl - 50 mg (Antihistamine),"[{""warning"":""Do not use""},{""warning"":""Ask a doctor before use if you have""},{""warning"":""When using this product""},{""warning"":""Ask a doctor or pharmacist before use if you are taking sedatives or tranquilizers""},{""warning"":""If pregnant or breast-feeding, ask a health professional before use.""},{""warning"":""Keep out of reach of children. In case of overdose, get medical help or contact a Poison Control Center right away. (1-800-222-1222)""},{""warning"":""}]",24.0 ea,"Product Type:Allergy Medicine
Product Name:Extra Strength Antihistamine Allergy Relief Tablets
Brand:Benadryl
FSA/HSA Eligible:Yes
Size/Count:24.0 ea
UPC:30045023524Item Code:347681",$10.99
1751952927-4,https://www.walgreens.com/store/c/allergy-medicine/ID=361485-tier3,Allegra-D 12 Hour Allergy and Congestion Relief Tablets Non-Drowsy  - 20 ea,https://www.walgreens.com/store/c/allegra-d-12-hour-allergy-and-congestion-relief-tablets-non-drowsy/ID=prod6053002-product,https://pics.walgreens.com/prodimg/322184/900.jpg,Home > Shop > Medicines & Treatments > Allergy & Sinus > Allergy Medicine,,4116743104,"Fexofenadine HCl - 60 mg (Antihistamine),Pseudoephedrine HCl - 120 mg (Nasal Decongestant)","Do not use: Ask a doctor before use if you have: Your doctor should determine if you need a different dose. When using this product: Stop use and ask a doctor if: If pregnant or breast-feeding, ask a health professional before use. Keep out of reach of children. In case of overdose, get medical help or contact a Poison Control Center right away. Other information: Safety sealed: Do not use if carton is opened or if individual blister units are torn or opened Store between 20 and 25 C (68 and 77 F) Temporarily relieves these symptoms due to hay fever or other upper respiratory allergies: Reduces swelling of nasal passages Temporarily relieves sinus congestion and pressure Temporarily restores freer breathing through the nose",20.0 ea,"Product Type:Allergy Medicine
Product Name:12 Hour Allergy and Congestion Relief Tablets Non-Drowsy
Brand:Allegra-DFSA/HSA Eligible:Yes
Size/Count:20.0 ea
UPC:04116743104Item Code:459347",
1751952932-5,https://www.walgreens.com/store/c/allergy-medicine/ID=361485-tier3,Sudafed 12 Hour Sinus Pressure + Pain Relief Sinus Decongestant  - 16 ea,https://www.walgreens.com/store/c/sudafed-12-hour-sinus-pressure---pain-relief-sinus-decongestant/ID=prod6000596-product,https://pics.walgreens.com/prodimg/222155/900.jpg,Home > Shop > Medicines & Treatments > Allergy & Sinus > Allergy Medicine,,30045035816,"Naproxen Sodium (Naproxen 200 mg) (NSAID) - 220 mg (Pain Reliever/Fever Reducer),Pseudoephedrine HCI, extended-release - 120 g (Nasal decongestant)","Temporary relieves these cold, sinus, & flu symptoms:  sinus pressure, minor body aches & pains, headache, nasal & sinus congestion (promotes sinus drainage & restores freer breathing through nose) & fever.",16.0 ea,"Product Type:Allergy Medicine
Product Name:12 Hour Sinus Pressure + Pain Relief Sinus Decongestant
Brand:Sudafed
FSA/HSA Eligible:Yes
Size/Count:16.0 ea
UPC:30045035816Item Code:501351",
1751952936-6,https://www.walgreens.com/store/c/allergy-medicine/ID=361485-tier3,Allegra-D 12 Hour Allergy and Congestion Relief Tablets Non-Drowsy  - 10 ea,https://www.walgreens.com/store/c/allegra-d-12-hour-allergy-and-congestion-relief-tablets-non-drowsy/ID=prod6053001-product,https://pics.walgreens.com/prodimg/419115/900.jpg,Home > Shop > Medicines & Treatments > Allergy & Sinus > Allergy Medicine,,4116743102,"Fexofenadine HCl - 60 mg (Antihistamine),Pseudophedrine HCl - 120 mg (Nasal decongestant)","Do not use Ask a doctor before use if you have Your doctor should determine if you need a different dose. When using this product Stop use and ask a doctor if If pregnant or breast-feeding, ask a health professional before use. Keep out of reach of children. In case of overdose, get medical help or contact a Poison Control Center right away. Other information safety sealed: do not use if carton is opened or if individual blister units are torn or opened store between 20-25 degrees C (68-77 degrees F)",10.0 ea,"Product Type:Allergy Medicine
Product Name:12 Hour Allergy and Congestion Relief Tablets Non-Drowsy
Brand:Allegra-DFSA/HSA Eligible:Yes
Size/Count:10.0 ea
UPC:04116743102Item Code:885756",
1751952942-7,https://www.walgreens.com/store/c/allergy-medicine/ID=361485-tier3,Benadryl Allergy Relief Liquid Cherry  - 4 fl oz,https://www.walgreens.com/store/c/benadryl-allergy-relief-liquid-cherry/ID=prod4124329-product,https://pics.walgreens.com/prodimg/446776/900.jpg,Home > Shop > Medicines & Treatments > Children & Baby's Health Care > Children's Allergy & Sinus,$9.99,35058053404,Diphenhydramine HCl (12.5 mg) (Antihistamine),"[{""warning"":""Do not use:""},{""warning"":""}]",4.0 fl oz,"[{""product_specification"":""Product Type:Children's Allergy & SinusProduct Name:Allergy Relief Liquid CherryBrand:BenadrylFSA/HSA Eligible:YesSize/Count:4.0 fl ozUPC:35058053404Item Code:994401""}]",$9.99
1751952952-8,https://www.walgreens.com/store/c/allergy-medicine/ID=361485-tier3,Advil Allergy & Congestion Relief Coated Tablets  - 20 ea,https://www.walgreens.com/store/c/advil-allergy-&-congestion-relief-coated-tablets/ID=prod6163275-product?skuId=sku6145648,https://pics.walgreens.com/prodimg/483672/900.jpg,Home > Shop > Medicines & Treatments > Allergy & Sinus > Allergy Medicine,$15.99,30573019620,"Chlorpheniramine Maleate (4mg) (Antihistamine),Ibuprofen (NSAID) - 200 mg (Pain reliever/fever reducer),Phenylephrine HCl - 10 mg (Nasal decongestant)","Product inside sealed in plastic blister with foil backing.  Do not use if plastic blister or foil barrier is broken. READ AND KEEP CARTON FOR COMPLETE WARNINGS AND INFORMATION. Allergy alert: Ibuprofen may cause a severe allergic reaction especially in people allergic to aspirin.  Symptoms may include: If an allergic reaction occurs, stop use and seek medical help right away.
Stomach bleeding warning: This product contains an NSAID, which may cause severe stomach bleeding. The chance is higher if you: Do not use Ask a doctor before use if Ask a doctor or pharmacist before use if you are When using this product Stop use and ask a doctor if If pregnant or breast-feeding, ask a health professional before use. It is especially important not to use ibuprofen during the last 3 months of pregnancy unless definitely directed to do so by a doctor because it may cause problems in the unborn child or complications during delivery.
Keep out of reach of children. In case of overdose, get medical help or contact a Poison Control Center right away..",20.0 ea,"Product Type:Allergy Medicine
Product Name:Allergy & Congestion Relief Coated Tablets
Brand:Advil
FSA/HSA Eligible:Yes
Size/Count:20.0 ea
UPC:30573019620Item Code:788827",$15.99
1751952960-9,https://www.walgreens.com/store/c/allergy-medicine/ID=361485-tier3,Walgreens Allergy Relief Capsules  - 600 ea,https://www.walgreens.com/store/c/walgreens-allergy-relief-capsules/ID=300456710-product,https://pics.walgreens.com/prodimg/679211/900.jpg,Home > Shop > Medicines & Treatments > Allergy & Sinus > Allergy Medicine,$31.99,31191713505,Diphenhydramine HCl - 25 mg (Antihistamine),"Do not use Ask a doctor before use if you have Ask a doctor or pharmacist before use if you are taking sedatives or tranquilizers. When using this product If pregnant or breast-feeding, ask a health professional before use. Keep out of reach of children. In case of overdose, get medical help or contact a Poison Control Center (1-800-222-1222) right away.",600.0 ea,"Product Type:Allergy Medicine
Product Name:Allergy Relief Capsules
Brand:Walgreens
FSA/HSA Eligible:No
Size/Count:600.0 ea
UPC:31191713505Item Code:285447",$31.99
1751952967-10,https://www.walgreens.com/store/c/allergy-medicine/ID=361485-tier3,Allegra-D 24 Hour Allergy and Congestion Relief Tablets Non-Drowsy  - 10 ea,https://www.walgreens.com/store/c/allegra-d-24-hour-allergy-and-congestion-relief-tablets-non-drowsy/ID=prod6053003-product,https://pics.walgreens.com/prodimg/419113/900.jpg,Home > Shop > Medicines & Treatments > Allergy & Sinus > Allergy Medicine,,4116743205,"Fexofenadine HCl - 180 mg (Antihistamine),Pseudoephedrine HCl - 240 mg (Nasal Decongestant)","Do not use: Ask a doctor before use if you have: Your doctor should determine if you need a different dose. When using this product: Stop use and ask a doctor if: If pregnant or breast-feeding, ask a health professional before use. Keep out of reach of children. In case of overdose, get medical help or contact a Poison Control Center right away. Other information: Each tablet contains: Sodium 33 mg. Safety sealed: Do not use if carton is opened or if individual blister units are torn or opened. Store between 20 degrees and 25 degrees C (68 degrees and 77 degrees F).",10.0 ea,"Product Type:Allergy Medicine
Product Name:24 Hour Allergy and Congestion Relief Tablets Non-Drowsy
Brand:Allegra-DFSA/HSA Eligible:Yes
Size/Count:10.0 ea
UPC:04116743205Item Code:459345",
1751952976-11,https://www.walgreens.com/store/c/allergy-medicine/ID=361485-tier3,Walgreens Allergy Relief Diphenhydramine Capsules  - 600 ea,https://www.walgreens.com/store/c/walgreens-allergy-relief-diphenhydramine-capsules/ID=300455701-product?skuId=400652286,https://pics.walgreens.com/prodimg/652286/900.jpg,Home > Shop > Medicines & Treatments > Allergy & Sinus > Allergy Medicine,$31.99,31191702759,Diphenhydramine HCl - 25 mg (Antihistamine),"Do not use Ask a doctor before use if you have Ask a doctor or pharmacist before use if you are taking sedatives or tranquilizers. When using this product If pregnant or breast-feeding, ask a health professional before use. Keep out of reach of children. In case of overdose, get medical help or contact a Poison Control Center (1-800-222-1222) right away.",600.0 ea,"Product Type:Allergy Medicine
Product Name:Allergy Relief Diphenhydramine Capsules
Brand:Walgreens
FSA/HSA Eligible:Yes
Size/Count:600.0 ea
UPC:31191702759Item Code:991032",$31.99
1751952984-12,https://www.walgreens.com/store/c/allergy-medicine/ID=361485-tier3,"Zyrtec Allergy 24 Hour 10mg Tablets, Travel Size  - 3 Each","https://www.walgreens.com/store/c/zyrtec-allergy-24-hour-10mg-tablets,-travel-size/ID=prod6063537-product",https://pics.walgreens.com/prodimg/439719/900.jpg,Home > Shop > Medicines & Treatments > Allergy & Sinus > Allergy Medicine,$6.29,30045020443,Cetirizine HCl (10mg) (Antihistamine),,3.0 Each,"Product Type:Allergy Medicine
Product Name:Allergy 24 Hour 10mg Tablets, Travel Size
Brand:Zyrtec
FSA/HSA Eligible:Yes
Size/Count:3.0 Each
UPC:30045020443Item Code:469829",$6.29
1751952988-13,https://www.walgreens.com/store/c/allergy-medicine/ID=361485-tier3,"Allegra Adult 24 Hour Allergy Tablets, Non-Drowsy Antihistamine  - 45 ea","https://www.walgreens.com/store/c/allegra-adult-24-hour-allergy-tablets,-non-drowsy-antihistamine/ID=300404265-product",https://pics.walgreens.com/prodimg/322178/900.jpg,Home > Shop > Medicines & Treatments > Allergy & Sinus > Allergy Medicine,$29.99,4116741274,Fexofenadrine HCl - 180 mg (Antihistamine),"Do not use if you have ever had an allergic reaction to this product or any of its ingredients. Ask a doctor before use if you have kidney disease. Your doctor should determine if you need a different dose. When using this product Stop use and ask a doctor if an allergic reaction to this product occurs. Seek medical help right away. If pregnant or breast-feeding, ask a health professional before use. Keep out of reach of children. In case of overdose, get medical help or contact a Poison Control Center right away.",45.0 ea,"Product Type:Allergy Medicine
Product Name:Adult 24 Hour Allergy Tablets, Non-Drowsy Antihistamine
Brand:Allegra
FSA/HSA Eligible:Yes
Size/Count:45.0 ea
UPC:04116741274Item Code:459353",$29.99
1751952993-14,https://www.walgreens.com/store/c/allergy-medicine/ID=361485-tier3,Walgreens 24 Hour Allergy & Congestion Relief Fexofenadine Pseudoephedrine Tablets  - 10 ea,https://www.walgreens.com/store/c/walgreens-24-hour-allergy-&-congestion-relief-fexofenadine-pseudoephedrine-tablets/ID=300445409-product,https://pics.walgreens.com/prodimg/667179/900.jpg,Home > Shop > Medicines & Treatments > Allergy & Sinus > Allergy Medicine,,31191700968,"Fexofenadine HCl USP - 180 mg (Antihistamine),Pseudoephedrine HCl USP - 240 mg (Nasal Decongestant)","Do not use Ask a doctor before use if you have When using this product Stop use and ask a doctor if If pregnant or breast-feeding, ask a health professional before use. 
Keep out of reach of children. In case of overdose, get medical help or contact a Poison Control Center right away (1-800-222-1222).",10.0 ea,"Product Type:Allergy Medicine
Product Name:24 Hour Allergy & Congestion Relief Fexofenadine Pseudoephedrine Tablets
Brand:Walgreens
FSA/HSA Eligible:Yes
Size/Count:10.0 ea
UPC:31191700968Item Code:173847",
1751952999-15,https://www.walgreens.com/store/c/allergy-medicine/ID=361485-tier3,Walgreens Allergy Relief Diphenhydramine Caplets  - 600 ea,https://www.walgreens.com/store/c/walgreens-allergy-relief-diphenhydramine-caplets/ID=300437463-product,https://pics.walgreens.com/prodimg/648402/900.jpg,Home > Shop > Medicines & Treatments > Allergy & Sinus > Allergy Medicine,$31.99,31191702724,Diphenhydramine HCl - 25 mg (Antihistamine),"Do not use Ask a doctor before use if you have Ask a doctor or pharmacist before use if you are taking sedatives or tranquilizers. When using this product If pregnant or breast-feeding, ask a health professional before use. Keep out of reach of children. In case of overdose, get medical help or contact a Poison Control Center right away. (1-800-222-1222). TAMPER EVIDENT: DO NOT USE THIS PRODUCT IF THE IMPRINTED FOIL SEAL OVER THE MOUTH OF THE BOTTLE IS CUT, TORN, BROKEN OR MISSING",600.0 ea,"Product Type:Allergy Medicine
Product Name:Allergy Relief Diphenhydramine Caplets
Brand:Walgreens
FSA/HSA Eligible:Yes
Size/Count:600.0 ea
UPC:31191702724Item Code:989560",$31.99
1751953004-16,https://www.walgreens.com/store/c/allergy-medicine/ID=361485-tier3,Benadryl Antihistamine Tablets for Travel Cherry  - 8 ea,https://www.walgreens.com/store/c/benadryl-antihistamine-tablets-for-travel-cherry/ID=prod6354950-product,https://pics.walgreens.com/prodimg/597604/900.jpg,Home > Shop > Medicines & Treatments > Allergy & Sinus > Allergy Medicine,$8.00,30045017008,Diphenhydramine HCl (25 mg) (Antihistamine),"Do not use Ask a doctor before use if you have Ask a doctor or pharmacist before use if you are taking sedatives or tranquilizers When using this product If pregnant or breast-feeding, ask a health professional before use. Keep out of reach of children. In case of overdose, get medical help or contact a Poison Control Center right away. (1-800-222-1222)",8.0 ea,"Product Type:Allergy Medicine
Product Name:Antihistamine Tablets for Travel Cherry
Brand:Benadryl
FSA/HSA Eligible:Yes
Size/Count:8.0 ea
UPC:30045017008Item Code:980787",$8.00
1751953010-17,https://www.walgreens.com/store/c/allergy-medicine/ID=361485-tier3,"Allegra Adult 24 Hour Allergy Tablets, Non-Drowsy Antihistamine  - 15 ea","https://www.walgreens.com/store/c/allegra-adult-24-hour-allergy-tablets,-non-drowsy-antihistamine/ID=300404267-product",https://pics.walgreens.com/prodimg/439049/900.jpg,Home > Shop > Medicines & Treatments > Allergy & Sinus > Allergy Medicine,$16.99,4116741238,Fexofenadine HCl - 180 mg (Antihistamine),,15.0 ea,"Product Type:Allergy Medicine
Product Name:Adult 24 Hour Allergy Tablets, Non-Drowsy Antihistamine
Brand:Allegra
FSA/HSA Eligible:Yes
Size/Count:15.0 ea
UPC:04116741238Item Code:985823",$16.99
1751953016-18,https://www.walgreens.com/store/c/allergy-medicine/ID=361485-tier3,Claritin Non-Drowsy Indoor & Outdoor Allergy Tablets  - 5 ea,https://www.walgreens.com/store/c/claritin-non-drowsy-indoor-&-outdoor-allergy-tablets/ID=prod6350352-product,https://pics.walgreens.com/prodimg/597494/900.jpg,Home > Shop > Medicines & Treatments > Allergy & Sinus > Allergy Medicine,$8.99,4110080317,Loratadine - 10 mg (Antihistamine),"[{""warning"":""Do not use if you have ever had an allergic reaction to this product or any of its ingredients.""},{""warning"":""Ask a doctor before use if you have liver or kidney disease. Your doctor should determine if you need a different dose.""},{""warning"":""When using this product do not take more than directed. Taking more than directed may cause drowsiness.""},{""warning"":""Stop use and ask a doctor if an allergic reaction to this product occurs. Seek medical help right away.""},{""warning"":""If pregnant or breast-feeding, ask a health professional before use.""},{""warning"":""Keep out of reach of children. In case of overdose, get medical help or contact a Poison Control Center right away.""},{""warning"":""Uses:  temporarily relieves these symptoms due to hay fever or other upper respiratory allergies:""},{""warning"":""}]",5.0 ea,"Product Type:Allergy Medicine
Product Name:Non-Drowsy Indoor & Outdoor Allergy Tablets
Brand:Claritin
FSA/HSA Eligible:Yes
Size/Count:5.0 ea
UPC:04110080317Item Code:185092",$8.99
1751953023-19,https://www.walgreens.com/store/c/allergy-medicine/ID=361485-tier3,"XYZAL 24 Hour Allergy Relief Medicine, Prescription Strength  - 55 ea","https://www.walgreens.com/store/c/xyzal-24-hour-allergy-relief-medicine,-prescription-strength/ID=300404262-product",https://pics.walgreens.com/prodimg/587504/900.jpg,Home > Shop > Medicines & Treatments > Allergy & Sinus > Allergy Medicine,$32.99,4116735102,Levocetirizine Dihydrochloride - 5 mg (Antihistamine),,55.0 ea,"Product Type:Allergy Medicine
Product Name:24 Hour Allergy Relief Medicine, Prescription Strength
Brand:XYZALFSA/HSA Eligible:Yes
Size/Count:55.0 ea
UPC:04116735102Item Code:699440",$32.99
1751953031-20,https://www.walgreens.com/store/c/allergy-medicine/ID=361485-tier3,"Claritin Chewables, 24 HR Non-Drowsy Allergy Relief Cool Mint  - 24 ea","https://www.walgreens.com/store/c/claritin-chewables,-24-hr-non-drowsy-allergy-relief-cool-mint/ID=300399128-product",https://pics.walgreens.com/prodimg/620477/900.jpg,Home > Shop > Medicines & Treatments > Allergy & Sinus > Allergy Medicine,$24.99,4110058098,Loratadine - 10 mg (Antihistamine),"Do not use if you have ever had an allergic reaction to this product or any of its ingredients. Ask a doctor before use if you have liver or kidney disease. Your doctor should determine if you need a different dose. When using this product do not take more than directed. Taking more than directed may cause drowsiness. Stop use and ask a doctor if an allergic reaction to this product occurs. Seek medical help right away. If pregnant or breast-feeding, ask a health professional before use. Keep out of reach of children. In case of overdose, get medical help or contact a Poison Control Center right away.",24.0 ea,"Product Type:Allergy Medicine
Product Name:Chewables, 24 HR Non-Drowsy Allergy Relief Cool Mint
Brand:Claritin
FSA/HSA Eligible:Yes
Size/Count:24.0 ea
UPC:04110058098Item Code:508976",$24.99
1751953039-21,https://www.walgreens.com/store/c/allergy-medicine/ID=361485-tier3,Walgreens Allergy Relief Liquid Cherry  - 4 fl oz,https://www.walgreens.com/store/c/walgreens-allergy-relief-liquid-cherry/ID=300419187-product,https://pics.walgreens.com/prodimg/640279/900.jpg,Home > Shop > Medicines & Treatments > Allergy & Sinus > Allergy Medicine,$6.79,31191721517,Diphenhydramine HCl USP - 25 mg (Antihistamine),"Do not use Ask a doctor before use if you have Ask a doctor or pharmacist before use if the user is taking sedatives or tranquilizers When using this product If pregnant or breast-feeding, ask a health professional before use. Keep out of reach of children. In case of overdose, get medical help or contact a Poison Control Center right away at 1-800-222-1222.",4.0 fl oz,"Product Type:Allergy Medicine
Product Name:Allergy Relief Liquid Cherry
Brand:Walgreens
FSA/HSA Eligible:Yes
Size/Count:4.0 fl oz
UPC:31191721517Item Code:773437",$6.79
1751953047-22,https://www.walgreens.com/store/c/allergy-medicine/ID=361485-tier3,Zyrtec 24 Hour Allergy Dissolve Tablets Citrus  - 24 ea,https://www.walgreens.com/store/c/zyrtec-24-hour-allergy-dissolve-tablets-citrus/ID=prod6062769-product,https://pics.walgreens.com/prodimg/514849/900.jpg,Home > Shop > Medicines & Treatments > Allergy & Sinus > Allergy Medicine,$24.99,30045024225,Cetirizine HCl - 10 mg (Antihistamine),,24.0 ea,"Product Type:Allergy Medicine
Product Name:24 Hour Allergy Dissolve Tablets Citrus
Brand:Zyrtec
FSA/HSA Eligible:Yes
Size/Count:24.0 ea
UPC:30045024225Item Code:447687",$24.99
1751953055-23,https://www.walgreens.com/store/c/allergy-medicine/ID=361485-tier3,Astepro Allergy Antihistamine Nasal Spray  - 0.78 fl oz,https://www.walgreens.com/store/c/astepro-allergy-antihistamine-nasal-spray/ID=300420972-product,https://pics.walgreens.com/prodimg/642076/900.jpg,Home > Shop > Medicines & Treatments > Allergy & Sinus > Allergy Medicine,,4110058990,Azelastine HCl (Equivalent to 187.6 mcg Azelastine) - 205.5 mcg (Antihistamine),"Only for use in the nose. Do not spray in eyes or mouth. Do not use if you have ever had an allergic reaction to this product or any of its ingredients. Ask a doctor before use if you have had recent nose ulcers or nose surgery; had a nose injury that has not healed. When using this product drowsiness may occur; avoid alcoholic drinks; alcohol, sedatives, and tranquilizers may increase drowsiness, be careful when driving a motor vehicle or operating machinery. You may get a bitter taste in your mouth. To avoid this, tilt your head downward while spraying; Nasal discomfort or sneezing may occur right after use. Do not share this bottle with anyone else as this may spread germs.",0.78 fl oz,"Product Type:Allergy Medicine
Product Name:Allergy Antihistamine Nasal Spray
Brand:Astepro
FSA/HSA Eligible:Yes
Size/Count:0.78 fl oz
UPC:04110058990Item Code:397457",
1751953063-24,https://www.walgreens.com/store/c/allergy-medicine/ID=361485-tier3,Astepro Allergy Antihistamine Nasal Spray  - 0.37 fl oz,https://www.walgreens.com/store/c/astepro-allergy-antihistamine-nasal-spray/ID=300420970-product,https://pics.walgreens.com/prodimg/642074/900.jpg,Home > Shop > Medicines & Treatments > Allergy & Sinus > Allergy Medicine,$17.99,4110058992,Azelastine HCl (equivalent to 187.6 mcg azelastine) - 205.5 mcg (Antihistamine),"Only for use in the nose. Do not spray in eyes or mouth. DO NOT USE if you have ever had an allergic reaction to this product or any of it's ingredients. ASK A DOCTOR BEFORE USE IF YOU have had recent nose ulcers or nose surgery; have a nose injury that has not healed. WHEN USING THIS PRODUCT drowsiness may occur; avoid alcoholic drinks; alcohol, sedatives, and tranquilizers may increase drowsiness. Be careful when driving a motor vehicle or operating machinery. You may get a bitter taste in your mouth. To avoid this, tilt your head downward while spraying. Nasal discomfort or sneezing may occur right after use. Do not share this bottle with anyone else as this may spread germs.",0.37 fl oz,"Product Type:Allergy Medicine
Product Name:Allergy Antihistamine Nasal Spray
Brand:Astepro
FSA/HSA Eligible:Yes
Size/Count:0.37 fl oz
UPC:04110058992Item Code:396508",$17.99
1751953071-25,https://www.walgreens.com/store/c/allergy-medicine/ID=361485-tier3,"Allegra Adult 24 Hour Allergy Gelcaps, Non-Drowsy Antihistamine  - 60 ea","https://www.walgreens.com/store/c/allegra-adult-24-hour-allergy-gelcaps,-non-drowsy-antihistamine/ID=300404268-product",https://pics.walgreens.com/prodimg/570465/900.jpg,Home > Shop > Medicines & Treatments > Allergy & Sinus > Allergy Medicine,$36.99,4116741222,Fexofenadine HCl - 180 mg (Antihistamine),"Do not use if you have ever had an allergic reaction to this product or any of its ingredients. Ask a doctor before use if you have kidney disease. Your doctor should determine if you need a different dose. When using this product Stop use and ask a doctor if an allergic reaction to this product occurs. Seek medical help right away. If pregnant or breast-feeding, ask a health professional before use.
Keep out of reach of children. In case of overdose, get medical help or contact a Poison Control Center right away. Other information:",60.0 ea,"Product Type:Allergy Medicine
Product Name:Adult 24 Hour Allergy Gelcaps, Non-Drowsy Antihistamine
Brand:Allegra
FSA/HSA Eligible:Yes
Size/Count:60.0 ea
UPC:04116741222Item Code:933889",$36.99
1751953080-26,https://www.walgreens.com/store/c/allergy-medicine/ID=361485-tier3,"Allegra Adult 12 Hour Allergy Tablets, Non-Drowsy Antihistamine  - 24 ea","https://www.walgreens.com/store/c/allegra-adult-12-hour-allergy-tablets,-non-drowsy-antihistamine/ID=300437332-product",https://pics.walgreens.com/prodimg/518652/900.jpg,Home > Shop > Medicines & Treatments > Allergy & Sinus > Allergy Medicine,$14.99,4116741314,Fexofenadine HCl - 60 mg (Antihistamine),,24.0 ea,"Product Type:Allergy Medicine
Product Name:Adult 12 Hour Allergy Tablets, Non-Drowsy Antihistamine
Brand:Allegra
FSA/HSA Eligible:Yes
Size/Count:24.0 ea
UPC:04116741314Item Code:322945",$14.99
1751953087-27,https://www.walgreens.com/store/c/allergy-medicine/ID=361485-tier3,Benadryl Ultratabs Antihistamine Cold & Allergy Relief Tablets  - 100 ea,https://www.walgreens.com/store/c/benadryl-ultratabs-antihistamine-cold-&-allergy-relief-tablets/ID=300411119-product,https://pics.walgreens.com/prodimg/484614/900.jpg,Home > Shop > Medicines & Treatments > Allergy & Sinus > Allergy Medicine,$18.99,30045017014,Diphenhydramine HCl (25 mg) (Antihistamine),Do not use Ask a doctor before use if you have Ask a doctor or pharmacist before use if you are taking sedatives or tranquilizers When using this product,100.0 ea,"Product Type:Allergy Medicine
Product Name:Ultratabs Antihistamine Cold & Allergy Relief Tablets
Brand:Benadryl
FSA/HSA Eligible:Yes
Size/Count:100.0 ea
UPC:30045017014Item Code:283497",$18.99
1751953093-28,https://www.walgreens.com/store/c/allergy-medicine/ID=361485-tier3,Flonase Allergy Relief Nasal Spray  - 0.62 fl oz   x 2 pack,https://www.walgreens.com/store/c/flonase-allergy-relief-nasal-spray/ID=prod6383571-product,https://pics.walgreens.com/prodimg/607108/900.jpg,Home > Shop > Medicines & Treatments > Allergy & Sinus > Nasal Sprays,,35310020334,Fluticasone Propionate (glucocorticoid) - 50 mcg (Allergy Symptom Reliever),,0.62 fl oz,"Product Type:Nasal Sprays
Product Name:Allergy Relief Nasal Spray
Brand:Flonase
FSA/HSA Eligible:Yes
Size/Count:0.62 fl oz
UPC:35310020334Item Code:827156",
1751953101-29,https://www.walgreens.com/store/c/allergy-medicine/ID=361485-tier3,"Claritin RediTabs, 12 HR Non-Drowsy Allergy Relief  - 30 ea","https://www.walgreens.com/store/c/claritin-reditabs,-12-hr-non-drowsy-allergy-relief/ID=prod6000684-product",https://pics.walgreens.com/prodimg/219079/900.jpg,Home > Shop > Medicines & Treatments > Allergy & Sinus > Allergy Medicine,$26.99,4110080521,Loratadine (5 mg) (Antihistamine),"[{""warning"":""DO NOT USE if you have ever had an allergic reaction to this product or any of its ingredients.""},{""warning"":""ASK A DOCTOR BEFORE USE IF YOU HAVE liver or kidney disease. Your doctor should determine if you need a different dose.""},{""warning"":""WHEN USING THIS PRODUCT do not take more than directed. Taking more than directed may cause drowsiness.""},{""warning"":""STOP USE AND ASK A DOCTOR IF an allergic reaction to this product occurs. Seek medical help right away.""},{""warning"":""IF PREGNANT OR BREAST-FEEDING, ask a health professional before use.""},{""warning"":""KEEP OUT OF REACH OF CHILDREN. In case of overdose, get medical help or contact a Poison Control Center right away.""},{""warning"":""Uses: temporarily relieves these symptoms due to hay fever or other upper respiratory allergies:""},{""warning"":""}]",30.0 ea,"Product Type:Allergy Medicine
Product Name:Redi
Tabs, 12 HR Non-Drowsy Allergy Relief
Brand:Claritin
FSA/HSA Eligible:Yes
Size/Count:30.0 ea
UPC:04110080521Item Code:501157",$26.99
1751953109-30,https://www.walgreens.com/store/c/allergy-medicine/ID=361485-tier3,Zyrtec 24 Hour Allergy Relief Antihistamine Capsules  - 25.0 ea  x 1,https://www.walgreens.com/store/c/zyrtec-24-hour-allergy-relief-antihistamine-capsules/ID=prod6018396-product,https://pics.walgreens.com/prodimg/414360/900.jpg,Home > Shop > Medicines & Treatments > Allergy & Sinus > Allergy Medicine,,30045020425,Cetirizine HCl - 10 mg (Antihistamine),Do not use if you have ever had an allergic reaction to this product or any of its ingredients or to an antihistamine containing hydroxyzine. Ask a doctor before use if you have liver or kidney disease. Your doctor should determine if you need a different dose. Ask a doctor or pharmacist before use if you are taking tranquilizers or sedatives. When using this product: Stop use and ask a doctor if an allergic reaction to this product occurs. Seek medical help right away. If pregnant or breast-feeding: Temporarily relieves these symptoms due to hay fever or other upper respiratory allergies:,25.0 ea,"Product Type:Allergy Medicine
Product Name:24 Hour Allergy Relief Antihistamine Capsules
Brand:Zyrtec
FSA/HSA Eligible:Yes
Size/Count:25.0 ea
UPC:30045020425Item Code:477979",
1751953117-31,https://www.walgreens.com/store/c/allergy-medicine/ID=361485-tier3,"Allegra Adult 24 Hour Allergy Gelcaps, Non-Drowsy Antihistamine  - 24 ea","https://www.walgreens.com/store/c/allegra-adult-24-hour-allergy-gelcaps,-non-drowsy-antihistamine/ID=prod6262981-product",https://pics.walgreens.com/prodimg/548469/900.jpg,Home > Shop > Medicines & Treatments > Allergy & Sinus > Allergy Medicine,,4116741221,Fexofenadine HCl - 180 mg (Antihistamine),"Do not use if you have ever had an allergic reaction to this product or any of its ingredients. Ask a doctor before use if you have kidney disease. Your doctor should determine if you need a different dose. When using this product Stop use and ask a doctor if an allergic reaction to this product occurs. Seek medical help right away. If pregnant or breast-feeding, ask a health professional before use.
Keep out of reach of children. In case of overdose, get medical help or contact a Poison Control Center right away. Other information: Temporarily relieves these symptoms due to hay fever or other upper respiratory allergies:",24.0 ea,"Product Type:Allergy Medicine
Product Name:Adult 24 Hour Allergy Gelcaps, Non-Drowsy Antihistamine
Brand:Allegra
FSA/HSA Eligible:Yes
Size/Count:24.0 ea
UPC:04116741221Item Code:378160",
1751953123-32,https://www.walgreens.com/store/c/allergy-medicine/ID=361485-tier3,"Zyrtec 24 Hour Allergy Relief Tablets, Cetirizine HCl  - 5 ea","https://www.walgreens.com/store/c/zyrtec-24-hour-allergy-relief-tablets,-cetirizine-hcl/ID=prod3665136-product",https://pics.walgreens.com/prodimg/442884/900.jpg,Home > Shop > Medicines & Treatments > Allergy & Sinus > Allergy Medicine,$6.99,31254720430,Cetirizine HCl - 10 mg (Antihistamine),"Do not use if you have ever had an allergic reaction to this product or any of its ingredients or to an antihistamine containing hydroxyzine. Ask a doctor before use if you have liver or kidney disease. Your doctor should determine if you need a different dose. Ask a doctor or pharmacist before use if you are taking tranquilizers or sedatives. When using this product Keep out of reach of children. In case of overdose, get medical help or contact a Poison Control Center right away. (1-800-222-1222) Temporarily relieves these symptoms due to hay fever or other upper respiratory allergies:",5.0 ea,"Product Type:Allergy Medicine
Product Name:24 Hour Allergy Relief Tablets, Cetirizine HCl
Brand:Zyrtec
FSA/HSA Eligible:Yes
Size/Count:5.0 ea
UPC:31254720430Item Code:553543",$6.99
1751953131-33,https://www.walgreens.com/store/c/allergy-medicine/ID=361485-tier3,Walgreens Allergy Relief Severe Allergy & Sinus Headache Caplets  - 20 ea,https://www.walgreens.com/store/c/walgreens-allergy-relief-severe-allergy-&-sinus-headache-caplets/ID=prod3498196-product,https://pics.walgreens.com/prodimg/369774/900.jpg,Home > Shop > Medicines & Treatments > Allergy & Sinus > Allergy Medicine,$11.00,31191708636,"Acetaminophen - 325 mg (Pain Reliever),Diphenhydramine HCl - 25 mg (Antihistamine),Phenylephrine HCl - 5 mg (Nasal Decongestant)","Liver warning: This product contains acetaminophen. Severe liver damage may occur if you take Allergy alert: Acetaminophen may cause severe skin reactions. Symptoms may include: If a skin reaction occurs, stop use and seek medical help right away. Do not use Ask a doctor before use if you have Ask a doctor or pharmacist before use if you are When using this product Stop use and ask a doctor if If pregnant or breast-feeding, ask a health professional before use.
Keep out of reach of children. In case of accidental overdose, get medical help or contact a Poison Control Center right away. Prompt medical attention is critical for adults as well as for children even if you do not notice any signs or symptoms.",20.0 ea,"Product Type:Allergy Medicine
Product Name:Allergy Relief Severe Allergy & Sinus Headache Caplets
Brand:Walgreens
FSA/HSA Eligible:Yes
Size/Count:20.0 ea
UPC:31191708636Item Code:555466",$11.00
1751953139-34,https://www.walgreens.com/store/c/allergy-medicine/ID=361485-tier3,Zyrtec Allergy Dissolve Tablets Citrus  - 24 ea,https://www.walgreens.com/store/c/zyrtec-allergy-dissolve-tablets-citrus/ID=prod6062970-product,https://pics.walgreens.com/prodimg/324758/900.jpg,Home > Shop > Medicines & Treatments > Allergy & Sinus > Allergy Medicine,,30045024224,Cetirizine HCl - 10 mg (Antihistamine),Do not use if you have ever had an allergic reaction to this product or any of its ingredients or to an antihistamine containing hydroxyzine. Ask a doctor before use if you have liver or kidney disease. Your doctor should determine if you need a different dose. Ask a doctor or pharmacist before use if you are taking tranquilizers or sedatives. When using this product: Stop use and ask a doctor if an allergic reaction to this product occurs. Seek medical help right away. If pregnant or breast-feeding: Temporarily relieves these symptoms due to hay fever or other upper respiratory allergies:,24.0 ea,"Product Type:Allergy Medicine
Product Name:Allergy Dissolve Tablets Citrus
Brand:Zyrtec
FSA/HSA Eligible:Yes
Size/Count:24.0 ea
UPC:30045024224Item Code:449113",
1751953148-35,https://www.walgreens.com/store/c/allergy-medicine/ID=361485-tier3,Walgreens Allergy Relief Diphenhydramine Capsules  - 24 ea,https://www.walgreens.com/store/c/walgreens-allergy-relief-diphenhydramine-capsules/ID=300460001-product,https://pics.walgreens.com/prodimg/443629/900.jpg,Home > Shop > Medicines & Treatments > Allergy & Sinus > Allergy Medicine,$5.49,31191707192,Diphenhydramine HCl - 25 mg (Antihistamine),"Do not use Ask a doctor before use if you have Ask a doctor or pharmacist before use if you are taking sedatives or tranquilizers. When using this product If pregnant or breast-feeding, ask a health professional before use.
Keep out of reach of children. In case of overdose, get medical help or contact a Poison Control Center right away.",24.0 ea,"Product Type:Allergy Medicine
Product Name:Allergy Relief Diphenhydramine Capsules
Brand:Walgreens
FSA/HSA Eligible:Yes
Size/Count:24.0 ea
UPC:31191707192Item Code:593275",$5.49
1751953158-36,https://www.walgreens.com/store/c/allergy-medicine/ID=361485-tier3,"Claritin Allergy Medicine, Loratadine Tablets  - 45.0 ea  x 1","https://www.walgreens.com/store/c/claritin-allergy-medicine,-loratadine-tablets/ID=300437448-product",https://pics.walgreens.com/prodimg/178585/900.jpg,Home > Shop > Medicines & Treatments > Allergy & Sinus > Allergy Medicine,$34.99,4110080614,"Loratadine, USP - 10 mg (Antihistamine)","DO NOT USE if you have ever had an allergic reaction to this product or any of its ingredients. ASK A DOCTOR BEFORE USE IF YOU HAVE liver or kidney disease. Your doctor should determine if you need a different dose. WHEN USING THIS PRODUCT do not take more than directed. Taking more than directed may cause drowsiness. STOP USE AND ASK A DOCTOR IF an allergic reaction to this product occurs. Seek medical help right away. IF PREGNANT OR BREAST-FEEDING, ask a health professional before use. KEEP OUT OF REACH OF CHILDREN. In case of overdose, get medical help or contact a Poison Control Center right away.",45.0 ea,"Product Type:Allergy Medicine
Product Name:Allergy Medicine, Loratadine Tablets
Brand:Claritin
FSA/HSA Eligible:Yes
Size/Count:45.0 ea
UPC:04110080614Item Code:500099",$34.99
1751953167-37,https://www.walgreens.com/store/c/allergy-medicine/ID=361485-tier3,Abreva Docosanol 10% Cold Sore Treatment  - 0.07 oz   x 2 pack,https://www.walgreens.com/store/c/abreva-docosanol-10-cold-sore-treatment/ID=prod6384636-product,https://pics.walgreens.com/prodimg/611769/900.jpg,Home > Shop > Medicines & Treatments > Allergy & Sinus > Allergy Medicine,$44.99,30766049358,Docosanol - 10 % (Cold Sore/Fever Blister Treatment),,0.07 oz,"Product Type:Allergy Medicine
Product Name:Docosanol 10% Cold Sore Treatment
Brand:Abreva
FSA/HSA Eligible:Yes
Size/Count:0.07 oz
UPC:30766049358Item Code:884301",$44.99
1751953176-38,https://www.walgreens.com/store/c/allergy-medicine/ID=361485-tier3,"Claritin RediTabs, 24 HR Non-Drowsy Allergy Relief  - 30 ea","https://www.walgreens.com/store/c/claritin-reditabs,-24-hr-non-drowsy-allergy-relief/ID=prod2497526-product",https://pics.walgreens.com/prodimg/156275/900.jpg,Home > Shop > Medicines & Treatments > Allergy & Sinus > Allergy Medicine,$23.99,4110080604,Loratadine  - 10 mg (Antihistamine),"[{""warning"":""DO NOT USE if you have ever had an allergic reaction to this product or any of its ingredients.""},{""warning"":""ASK A DOCTOR BEFORE USE IF YOU HAVE liver or kidney disease. Your doctor should determine if you need a different dose.""},{""warning"":""WHEN USING THIS PRODUCT do not take more than directed. Taking more than directed may cause drowsiness.""},{""warning"":""STOP USE AND ASK A DOCTOR IF an allergic reaction to this product occurs. Seek medical help right away.""},{""warning"":""IF PREGNANT OR BREAST-FEEDING, ask a health professional before use.""},{""warning"":""KEEP OUT OF REACH OF CHILDREN. In case of overdose, get medical help or contact a Poison Control Center right away.""},{""warning"":""Uses: temporarily relieves these symptoms due to hay fever or other upper respiratory allergies:""},{""warning"":""}]",30.0 ea,"Product Type:Allergy Medicine
Product Name:Redi
Tabs, 24 HR Non-Drowsy Allergy Relief
Brand:Claritin
FSA/HSA Eligible:Yes
Size/Count:30.0 ea
UPC:04110080604Item Code:584555",$23.99
1751953186-39,https://www.walgreens.com/store/c/allergy-medicine/ID=361485-tier3,Walgreens 24 Hour Allergy Relief Fexofenadine Tablets  - 30 ea,https://www.walgreens.com/store/c/walgreens-24-hour-allergy-relief-fexofenadine-tablets/ID=300438897-product?skuId=400635152,https://pics.walgreens.com/prodimg/635152/900.jpg,Home > Shop > Medicines & Treatments > Allergy & Sinus > Allergy Medicine,$18.99,31191712956,Fexofenadine HCl USP - 180 mg (Antihistamine),"Do not use if you have ever had an allergic reaction to this product or any of its ingredients. Ask a doctor before use if you have kidney disease. Your doctor should determine if you need a different dose. When using this product do not take more than directed, do not take at the same time as aluminum or magnesium antacids, and/or do not take with fruit juices (see directions). Stop use and ask a doctor if an allergic reaction to this product occurs. Seek medical help right away. If pregnant or breast-feeding, ask a health professional before use. Keep out of reach of children. In case of overdose, get medical help or contact a Poison Control Center right away.",30.0 ea,"Product Type:Allergy Medicine
Product Name:24 Hour Allergy Relief Fexofenadine Tablets
Brand:Walgreens
FSA/HSA Eligible:Yes
Size/Count:30.0 ea
UPC:31191712956Item Code:444618",$18.99
1751953190-40,https://www.walgreens.com/store/c/allergy-medicine/ID=361485-tier3,Walgreens Allergy Relief Diphenhydramine Caplets  - 365 ea,https://www.walgreens.com/store/c/walgreens-allergy-relief-diphenhydramine-caplets/ID=300452942-product,https://pics.walgreens.com/prodimg/648399/900.jpg,Home > Shop > Medicines & Treatments > Allergy & Sinus > Allergy Medicine,$22.99,31191702741,Diphenhydramine HCl - 25 mg (Antihistamine),"Do not use Ask a doctor before use if you have Ask a doctor or pharmacist before use if you are taking sedatives or tranquilizers. When using this product If pregnant or breast-feeding, ask a health professional before use.
Keep out of reach of children. In case of overdose, get medical help or contact a Poison Control Center right away. (1-800-222-1222) TAMPER EVIDENT: DO NOT USE THIS PRODUCT IF THE IMPRINTED FOIL SEAL OVER THE MOUTH OF THE BOTTLE IS CUT, TORN, BROKEN OR MISSING",365.0 ea,"Product Type:Allergy Medicine
Product Name:Allergy Relief Diphenhydramine Caplets
Brand:Walgreens
FSA/HSA Eligible:Yes
Size/Count:365.0 ea
UPC:31191702741Item Code:989558",$22.99
1751953198-41,https://www.walgreens.com/store/c/allergy-medicine/ID=361485-tier3,"XYZAL 24 Hour Allergy Relief Medicine, Prescription Strength  - 35 ea","https://www.walgreens.com/store/c/xyzal-24-hour-allergy-relief-medicine,-prescription-strength/ID=300404261-product",https://pics.walgreens.com/prodimg/587503/900.jpg,Home > Shop > Medicines & Treatments > Allergy & Sinus > Allergy Medicine,,4116735101,Levocetirizine Dihydrochloride - 5 mg (Antihistamine),,35.0 ea,"Product Type:Allergy Medicine
Product Name:24 Hour Allergy Relief Medicine, Prescription Strength
Brand:XYZALFSA/HSA Eligible:Yes
Size/Count:35.0 ea
UPC:04116735101Item Code:699488",
1751953207-42,https://www.walgreens.com/store/c/allergy-medicine/ID=361485-tier3,Flonase Allergy Relief Nasal Spray  - 0.62 fl oz,https://www.walgreens.com/store/c/flonase-allergy-relief-nasal-spray/ID=300429178-product,https://pics.walgreens.com/prodimg/626421/900.jpg,Home > Shop > Medicines & Treatments > Allergy & Sinus > Nasal Sprays,,35310022957,Fluticasone Propionate (Glucocorticoid) - 50 mcg (Allergy symptom reliever),,0.62 fl oz,"Product Type:Nasal Sprays
Product Name:Allergy Relief Nasal Spray
Brand:Flonase
FSA/HSA Eligible:Yes
Size/Count:0.62 fl oz
UPC:35310022957Item Code:822889",
1751953211-43,https://www.walgreens.com/store/c/allergy-medicine/ID=361485-tier3,Claritin 24 Hour Non-Drowsy Allergy Relief  - 100.0 ea  x 1,https://www.walgreens.com/store/c/claritin-24-hour-non-drowsy-allergy-relief/ID=300422080-product,https://pics.walgreens.com/prodimg/643263/900.jpg,Home > Shop > Medicines & Treatments > Allergy & Sinus > Allergy Medicine,$51.99,4110057567,Loratadine USP - 10 mg (Antihistamine),"[{""warning"":""DO NOT USE if you have ever had an allergic reaction to this product or any of its ingredients.""},{""warning"":""ASK A DOCTOR BEFORE USE IF YOU HAVE liver or kidney disease. Your doctor should determine if you need a different dose.""},{""warning"":""WHEN USING THIS PRODUCT do not take more than directed. Taking more than directed may cause drowsiness.""},{""warning"":""STOP USE AND ASK A DOCTOR IF an allergic reaction to this product occurs. Seek medical help right away.""},{""warning"":""IF PREGNANT OR BREAST-FEEDING, ask a health professional before use.""},{""warning"":""KEEP OUT OF REACH OF CHILDREN. In case of overdose, get medical help or contact a Poison Control Center right away.""},{""warning"":""}]",100.0 ea,"Product Type:Allergy Medicine
Product Name:24 Hour Non-Drowsy Allergy Relief
Brand:Claritin
FSA/HSA Eligible:Yes
Size/Count:100.0 ea
UPC:04110057567Item Code:998648",$51.99
1751953219-44,https://www.walgreens.com/store/c/allergy-medicine/ID=361485-tier3,Walgreens 24 Hour Allergy Relief Loratadine Tablets  - 30 ea,https://www.walgreens.com/store/c/walgreens-24-hour-allergy-relief-loratadine-tablets/ID=300443467-product?skuId=sku6180469,https://pics.walgreens.com/prodimg/534009/900.jpg,Home > Shop,$18.99,31191716177,Loratadine - 10 mg (Antihistamine),"Do not use if you have ever had an allergic reaction to this product or any of its ingredients. Ask a doctor before use if you have liver or kidney disease. Your doctor should determine if you need a different dose. When using this product do not take more than directed. Taking more than directed may cause drowsiness. Stop use and ask a doctor if an allergic reaction to this product occurs. Seek medical help right away. If pregnant or breast-feeding, ask a health professional before use. Keep out of reach of children. In case of overdose, get medical help or contact a Poison Control Center right away. (1-800-222-1222).",30.0 ea,"Product Type:Product Name:24 Hour Allergy Relief Loratadine Tablets
Brand:Walgreens
FSA/HSA Eligible:Yes
Size/Count:30.0 ea
UPC:31191716177Item Code:317489",$18.99
1751953227-45,https://www.walgreens.com/store/c/allergy-medicine/ID=361485-tier3,Claritin Liqui-Gels: 24 Hour Non-Drowsy Allergy Relief  - 30 ea,https://www.walgreens.com/store/c/claritin-liqui-gels:-24-hour-non-drowsy-allergy-relief/ID=300425380-product?skuId=sku6190281,https://pics.walgreens.com/prodimg/266544/900.jpg,Home > Shop > Medicines & Treatments > Allergy & Sinus > Allergy Medicine,$24.99,4110080798,Loratadine - 10 mg (Antihistamine),"DO NOT USE if you have ever had an allergic reaction to this product or any of its ingredients ASK A DOCTOR BEFORE USE IF YOU HAVE liver or kidney disease. Your doctor should determine if you need a different dose. WHEN USING THIS PRODUCT do not take more than directed. Taking more than directed may cause drowsiness. STOP USE AND ASK A DOCTOR IF an allergic reaction to this product occurs. Seek medical help right away. IF PREGNANT OR BREAST-FEEDING, ask a health professional before use. KEEP OUT OF REACH OF CHILDREN. In case of overdose, get medical help or contact a Poison Control Center right away.",30.0 ea,"Product Type:Allergy Medicine
Product Name:Liqui-Gels: 24 Hour Non-Drowsy Allergy Relief
Brand:Claritin
FSA/HSA Eligible:Yes
Size/Count:30.0 ea
UPC:04110080798Item Code:477141",$24.99
1751953235-46,https://www.walgreens.com/store/c/allergy-medicine/ID=361485-tier3,Walgreens 24 Hour Allergy Relief Cetirizine Softgels  - 40 ea,https://www.walgreens.com/store/c/walgreens-24-hour-allergy-relief-cetirizine-softgels/ID=300445295-product?skuId=400618853,https://pics.walgreens.com/prodimg/618853/900.jpg,Home > Shop > Medicines & Treatments > Allergy & Sinus > Allergy Medicine,$24.99,31191720225,Cetirizine HCl - 10 mg Antihistamine,"Do not use if you have ever had an allergic reaction to this product or any of its ingredients or to an antihistamine containing hydroxyzine. Ask a doctor before use if you have liver or kidney disease. Your doctor should determine if you need a different dose. Ask a doctor or pharmacist before use if you are taking tranquilizers or sedatives. When using this product Stop use and ask a doctor if an allergic reaction to this product occurs. Seek medical help right away. If pregnant or breast-feeding: Keep out of reach of children. In case of overdose, get medical help or contact a Poison Control Center right away. TAMPER EVIDENT: DO NOT USE IF IMPRINTED SAFETY SEAL UNDER CAP IS BROKEN OR MISSING",40.0 ea,"Product Type:Allergy Medicine
Product Name:24 Hour Allergy Relief Cetirizine Softgels
Brand:Walgreens
FSA/HSA Eligible:Yes
Size/Count:40.0 ea
UPC:31191720225Item Code:827850",$24.99
1751953242-47,https://www.walgreens.com/store/c/allergy-medicine/ID=361485-tier3,"Allegra Adult 24 Hour Allergy Tablets, Non-Drowsy Antihistamine  - 30 ea","https://www.walgreens.com/store/c/allegra-adult-24-hour-allergy-tablets,-non-drowsy-antihistamine/ID=300404264-product",https://pics.walgreens.com/prodimg/322174/900.jpg,Home > Shop > Medicines & Treatments > Allergy & Sinus > Allergy Medicine,,4116741251,Fexofenadine HCl - 180 mg (Antihistamine),,30.0 ea,"Product Type:Allergy Medicine
Product Name:Adult 24 Hour Allergy Tablets, Non-Drowsy Antihistamine
Brand:Allegra
FSA/HSA Eligible:Yes
Size/Count:30.0 ea
UPC:04116741251Item Code:459354",
1751953251-48,https://www.walgreens.com/store/c/allergy-medicine/ID=361485-tier3,"Allegra Adult 24 Hour Allergy Tablets, Non-Drowsy Antihistamine  - 70 ea","https://www.walgreens.com/store/c/allegra-adult-24-hour-allergy-tablets,-non-drowsy-antihistamine/ID=300404266-product",https://pics.walgreens.com/prodimg/390836/900.jpg,Home > Shop > Medicines & Treatments > Allergy & Sinus > Allergy Medicine,$36.99,4116741206,Fexofenadine HCl - 180 mg (Antihistamine),"Do not use if you have ever had an allergic reaction to this product or any of its ingredients. Ask a doctor before use if you have kidney disease. Your doctor should determine if you need a different dose. When using this product Stop use and ask a doctor if an allergic reaction to this product occurs. Seek medical help right away. If pregnant or breast-feeding, ask a health professional before use. Keep out of reach of children. In case of overdose, get medical help or contact a Poison Control Center right away.",70.0 ea,"Product Type:Allergy Medicine
Product Name:Adult 24 Hour Allergy Tablets, Non-Drowsy Antihistamine
Brand:Allegra
FSA/HSA Eligible:Yes
Size/Count:70.0 ea
UPC:04116741206Item Code:417693",$36.99
1751953259-49,https://www.walgreens.com/store/c/allergy-medicine/ID=361485-tier3,"Flonase Allergy Relief Nasal Spray Scent Free, 60 Sprays  - 60 ea","https://www.walgreens.com/store/c/flonase-allergy-relief-nasal-spray-scent-free,-60-sprays/ID=prod6342251-product",https://pics.walgreens.com/prodimg/588314/900.jpg,Home > Shop > Medicines & Treatments > Allergy & Sinus > Nasal Sprays,$19.99,35310020215,Fluticasone Furoate (glucocorticoid) - 27.5 mcg (Allergy Symptom Reliever),,60.0 ea,"Product Type:Nasal Sprays
Product Name:Allergy Relief Nasal Spray Scent Free, 60 Sprays
Brand:Flonase
FSA/HSA Eligible:Yes
Size/Count:60.0 ea
UPC:35310020215Item Code:973629",$19.99
1751953268-50,https://www.walgreens.com/store/c/allergy-medicine/ID=361485-tier3,Zyrtec 24 Hour Allergy Relief Tablets  - 30 ea,https://www.walgreens.com/store/c/zyrtec-24-hour-allergy-relief-tablets/ID=300400380-product?skuId=sku3663983,https://pics.walgreens.com/prodimg/182654/900.jpg,Home > Shop > Medicines & Treatments > Allergy & Sinus > Allergy Medicine,,31254720436,Cetirizine HCl - 10 mg (Antihistamine),"Do not use if you have ever had an allergic reaction to this product or any of its ingredients or to an antihistamine containing hydroxyzine.
Ask a doctor before use if you have liver or kidney disease. Your doctor should determine if you need a different dose.
Ask a doctor or pharmacist before use if you are taking tranquilizers or sedatives. When using this product: If pregnant or breast-feeding:",30.0 ea,"Product Type:Allergy Medicine
Product Name:24 Hour Allergy Relief Tablets
Brand:Zyrtec
FSA/HSA Eligible:Yes
Size/Count:30.0 ea
UPC:31254720436Item Code:553546",
1751953277-51,https://www.walgreens.com/store/c/allergy-medicine/ID=361485-tier3,Benadryl Allergy Plus Congestion Ultratabs  - 24 ea,https://www.walgreens.com/store/c/benadryl-allergy-plus-congestion-ultratabs/ID=prod6384324-product,https://pics.walgreens.com/prodimg/607206/900.jpg,Home > Shop > Medicines & Treatments > Allergy & Sinus > Allergy Medicine,$10.99,30045055726,"Diphenhydramine HCl - 25 mg (Antihistamine),Phenylephrine HCl - 10 mg (Nasal decongestant)","Do not use: Ask a doctor before use if you have Ask a doctor or pharmacist before use if you are taking sedatives or tranquilizers When using this product Stop use and ask a doctor if If pregnant or breast-feeding, ask a health professional before use.
Keep out of reach of children. In case of overdose, get medical help or contact a Poison Control Center right away. (1-800-222-1222) Temporarily relieves these symptoms due to hay fever or other upper respiratory allergies: Temporarily relieves these symptoms due to the common cold: Temporarily relieves sinus congestion and pressure",24.0 ea,"Product Type:Allergy Medicine
Product Name:Allergy Plus Congestion Ultratabs
Brand:Benadryl
FSA/HSA Eligible:Yes
Size/Count:24.0 ea
UPC:30045055726Item Code:988651",$10.99
1751953282-52,https://www.walgreens.com/store/c/allergy-medicine/ID=361485-tier3,Flonase Sensimist Allergy Relief Nasal Spray 120 Sprays  - 0.31 fl oz,https://www.walgreens.com/store/c/flonase-sensimist-allergy-relief-nasal-spray-120-sprays/ID=prod6342252-product,https://pics.walgreens.com/prodimg/588313/900.jpg,Home > Shop > Medicines & Treatments > Allergy & Sinus > Nasal Sprays,,35310020225,Fluticasone Furoate (Glucocorticoid) - 27.5 mcg (Allergy Symptom Reliever),Temporarily relieves these symptoms of hay fever or other upper respiratory allergies: *for ages 12 and older,0.31 fl oz,"Product Type:Nasal Sprays
Product Name:Sensimist Allergy Relief Nasal Spray 120 Sprays
Brand:Flonase
FSA/HSA Eligible:Yes
Size/Count:0.31 fl oz
UPC:35310020225Item Code:973630",
