web-scraper-order,web-scraper-start-url,product_links,product_links-href,image_url-src,breadcrumbs,selling_price,upc,ingridents,warning,grammage,product_specification
"1751959265-1","https://www.walgreens.com/store/c/allergy-medicine/ID=361485-tier3","Benadryl Liqui-Gels Antihistamine Allergy Medicine  - 48 ea","https://www.walgreens.com/store/c/benadryl-liqui-gels-antihistamine-allergy-medicine/ID=300443712-product","//pics.walgreens.com/prodimg/665161/900.jpg","[{""breadcrumbs"":""Home""},{""breadcrumbs"":""Shop""},{""breadcrumbs"":""Medicines & Treatments""},{""breadcrumbs"":""Allergy & Sinus""},{""breadcrumbs"":""Allergy Medicine""}]","$13.99 $0.29/ea","30045059548","Diphenhydramine HCl - 25 mg (Antihistamine)","[{""warning"":""Important: Read all product information before using. Keep this box for important information.\n\nDo Not Use:\n\nTo make a child sleepy. \nWith any other product containing diphenhydramine, even one used on skin.\nAsk a doctor before use if you have:\n\n\nA breathing problem such as emphysema or chronic bronchitis. \nGlaucoma. \nTrouble urinating due to an enlarged prostate gland.\nAsk a doctor or pharmacist before use if you are taking sedatives or tranquilizers.\nWhen using this product:\n\n\nMarked drowsiness may occur. \nAvoid alcoholic drinks. \nAlcohol, sedatives, and tranquilizers may increase drowsiness. \nBe careful when driving a motor vehicle or operating machinery. \nExcitability may occur, especially in children.\nIf pregnant or breast-feeding, ask a health professional before use.\nKeep out of reach of children.\nIn case of overdose, get medical help or contact a Poison Control Center right away.""}]","48.0 ea","[{""product_specification"":""Product Type:Allergy MedicineProduct Name:Liqui-Gels Antihistamine Allergy MedicineBrand:BenadrylFSA/HSA Eligible:YesSize/Count:48.0 eaUPC:30045059548Item Code:779808""}]"
"1751959270-2","https://www.walgreens.com/store/c/allergy-medicine/ID=361485-tier3","Walgreens 12 Hour Nasal Decongestant D Sinus Coated Caplets Maximum Strength  - 20 EA","https://www.walgreens.com/store/c/walgreens-12-hour-nasal-decongestant-d-sinus-coated-caplets-maximum-strength/ID=prod5355917-product","//pics.walgreens.com/prodimg/419815/900.jpg","[{""breadcrumbs"":""Home""},{""breadcrumbs"":""Shop""},{""breadcrumbs"":""Medicines & Treatments""},{""breadcrumbs"":""Allergy & Sinus""},{""breadcrumbs"":""Allergy Medicine""}]","","31191710310","Pseudoephedrine HCl - 120 mg (Nasal Decongestant)","[{""warning"":""Do not use if you are now taking a prescription monoamine oxidase inhibitor (MAOI) (certain drugs for depression, psychiatric, or emotional conditions, or Parkinson's disease), or for 2 weeks after stopping the MAOI drug. If you do not know if your prescription drug contains an MAOI, ask a doctor or pharmacist before taking this product. \nAsk a doctor before use if you have: heart disease; high blood pressure; thyroid disease; diabetes; trouble urinating due to an enlarged prostate gland. \nWhen using this product do not exceed recommended dosage. \nStop use and ask a doctor if: nervousness, dizziness, or sleeplessness occur; symptoms do not improve within 7 days or occur with a fever. \nIf pregnant or breast-feeding, ask a health professional before use. \nKeep out of reach of children. In case of overdose, get medical help or contact a Poison Control Center right away. (1-800-222-1222)""}]","20.0 EA","[{""product_specification"":""Product Type:Allergy MedicineProduct Name:12 Hour Nasal Decongestant D Sinus Coated Caplets Maximum StrengthBrand:WalgreensFSA/HSA Eligible:YesSize/Count:20.0 EAUPC:31191710310Item Code:510917""}]"
"1751959277-3","https://www.walgreens.com/store/c/allergy-medicine/ID=361485-tier3","Benadryl Extra Strength Antihistamine Allergy Relief Tablets  - 24 ea","https://www.walgreens.com/store/c/benadryl-extra-strength-antihistamine-allergy-relief-tablets/ID=300435845-product","//pics.walgreens.com/prodimg/657576/900.jpg","[{""breadcrumbs"":""Home""},{""breadcrumbs"":""Shop""},{""breadcrumbs"":""Medicines & Treatments""},{""breadcrumbs"":""Allergy & Sinus""},{""breadcrumbs"":""Allergy Medicine""}]","$10.99 $0.46/ea","30045023524","Diphenhydramine HCl - 50 mg (Antihistamine)","[{""warning"":""Do not use\n\nTo make a child sleepy\nWith any other product containing diphenhydramine, even one used on skin\nAsk a doctor before use if you have\n\nA breathing problem such as emphysema or chronic bronchitis\nGlaucoma\nTrouble urinating due to an enlarged prostate gland\nWhen using this product\n\nMarked drowsiness may occur\nAvoid alcoholic drinks\nAlcohol, sedatives, and tranquilizers may increase drowsiness\nBe careful when driving a motor vehicle or operating machinery\nExcitability may occur, especially in children\nAsk a doctor or pharmacist before use if you are taking sedatives or tranquilizers\nIf pregnant or breast-feeding, ask a health professional before use.  \nKeep out of reach of children. In case of overdose, get medical help or contact a Poison Control Center right away. (1-800-222-1222)""}]","24.0 ea","[{""product_specification"":""Product Type:Allergy MedicineProduct Name:Extra Strength Antihistamine Allergy Relief TabletsBrand:BenadrylFSA/HSA Eligible:YesSize/Count:24.0 eaUPC:30045023524Item Code:347681""}]"
"1751959285-4","https://www.walgreens.com/store/c/allergy-medicine/ID=361485-tier3","Advil Allergy Sinus Medicine  - 20 ea","https://www.walgreens.com/store/c/advil-allergy-sinus-medicine/ID=prod6009762-product","//pics.walgreens.com/prodimg/81311/900.jpg","[{""breadcrumbs"":""Home""},{""breadcrumbs"":""Shop""},{""breadcrumbs"":""Medicines & Treatments""},{""breadcrumbs"":""Allergy & Sinus""},{""breadcrumbs"":""Sinus Medicine""}]","","30573018810","Chlorpheniramine Maleate - 2 mg (Antihistamine),Ibuprofen (NSAID) - 200 mg (Pain Reliever/Fever Reducer),Pseudoephedrine HCl - 30 mg (Nasal Decongestant)","[{""warning"":""Allergy alert: Ibuprofen may cause a severe allergic reaction, especially in people allergic to aspirin. Symptoms may include: hives, facial swelling, asthma (wheezing), shock, skin reddening, rash or blisters. If an allergic reaction occurs, stop use and seek medical help right away. \nStomach bleeding warning: This product contains an NSAID, which may cause severe stomach bleeding. The chance is higher if you are age 60 or older, have had stomach ulcers or bleeding problems, take a blood-thinning (anticoagulant) or steroid drugs, take other drugs containing prescription or nonprescription NSAIDs [aspirin, ibuprofen, naproxen, others], have 3 or more alcoholic drinks every day while using this product or take more or for a longer time than directed. \nHeart attack and stroke warning: NSAIDs, except aspirin, increase the risk of heart attack, heart failure, and stroke. These can be fatal. The risk is higher if you use more than directed or for longer than directed. \nDo not use if you have ever had an allergic reaction to any other pain reliever/fever reducer, in children under 12 years of age, right before or after heart surgery or with any other product containing diphenhydramine. \nAsk a doctor before use if; Stomach bleeding warning applies to you, you have problems or serious side effects from taking pain relievers or fever reducers, you have a history of stomach problems (such as heartburn), you have high blood pressure, heart disease, liver cirrhosis, kidney disease, asthma or had a stroke, you are taking a diuretic, you have a breathing problem such as emphysema or chronic bronchitis, you have glaucoma or you have trouble urinating due to an enlarged prostate gland.\nAsk a doctor or pharmacist before use if you are; taking sedatives or tranquilizers, any other sleep-aid, under a doctor's care for any continuing medical illness, taking any other antihistamines or taking aspirin for heart attack or stroke (ibuprofen may decrease this benefit of aspirin taking any other drug). \nWhen using this product drowsiness will occur. Avoid alcoholic drinks, do not drive a motor vehicle or operate machinery. Take with food or milk if stomach upset occurs. \nStop use and ask a doctor if you experience any of the following signs of stomach bleeding; feel faint, vomit blood, have bloody or black stool, have stomach pain that does not get better, you have symptoms of heart problems or stroke (chest pain, trouble breathing weakness in one part or side of body slurred speech, leg swelling), pain gets worse or lasts more than 10 days, sleeplessness persists continuously for more than 2 weeks (Insomnia may be a symptom of a serious underlying medical illness), redness or swelling is present in the painful area or any new symptoms appear.\n If pregnant or breast-feeding, ask a health professional before use. It is especially important not to use ibuprofen during the last 3 months of pregnancy unless directed to do so by a doctor because it may cause problems in the unborn child or complications during delivery. Keep out of reach of children. In case of overdose, get medical help or contact a Poison Control Center right away.Temporarily relieves these symptoms associated with hay fever or other upper respiratory allergies, and sinusitis:\n\nrunny nose \nsneezing \nheadache \nitchy, watery eyes \nnasal congestion \nfever \nminor aches and pains \nitching of the nose or throat \nsinus pain and pressure""}]","20.0 ea","[{""product_specification"":""Product Type:Sinus MedicineProduct Name:Allergy Sinus MedicineBrand:AdvilFSA/HSA Eligible:YesSize/Count:20.0 eaUPC:30573018810Item Code:689492""}]"
"1751959290-5","https://www.walgreens.com/store/c/allergy-medicine/ID=361485-tier3","Sudafed 12 Hour Sinus Pressure + Pain Relief Sinus Decongestant  - 16 ea","https://www.walgreens.com/store/c/sudafed-12-hour-sinus-pressure---pain-relief-sinus-decongestant/ID=prod6000596-product","//pics.walgreens.com/prodimg/222155/900.jpg","[{""breadcrumbs"":""Home""},{""breadcrumbs"":""Shop""},{""breadcrumbs"":""Medicines & Treatments""},{""breadcrumbs"":""Allergy & Sinus""},{""breadcrumbs"":""Allergy Medicine""}]","","30045035816","Naproxen Sodium (Naproxen 200 mg) (NSAID) - 220 mg (Pain Reliever/Fever Reducer),Pseudoephedrine HCI, extended-release - 120 g (Nasal decongestant)","[{""warning"":""Allergy alert: Naproxen sodium may cause a severe allergic reaction, especially in people allergic to aspirin. Symptoms may include:\n\n\nHives\nFacial swelling\nAsthma (wheezing)\nShock\nSkin reddening\nRash\nBlistersIf an allergic reaction occurs, stop use and seek medical help right away.\nStomach bleeding warning: This product contains an NSAID, which may cause severe stomach bleeding. The chance is higher if you:\n\n\nAre age 60 or older\nHave had stomach ulcers or bleeding problems\nTake a blood thinning (anticoagulant) or steroid drug\nTake other drugs containing prescription or nonprescription NSAIDs (aspirin, ibuprofen, naproxen, or others)\nHave 3 or more alcoholic drinks every day while using this product\nTake more or for a longer time than directedHeart attack and stroke warning: NSAIDS, except aspirin, increase the risk of heart attack, heart failure, and stroke. These can be fatal. The risk is higher if you use more than directed or for longer than directed.\nDo not use\n\n\nIf you have ever had an allergic reaction to any other pain reliever/fever reducer\nRight before or after heart surgery\nIf you are now taking a prescription monoamine oxidase inhibitor (MAOI) (certain drugs for depression, psychiatric, or emotional conditions, or Parkinson's disease), or for 2 weeks after stopping the MAOI drug. If you do not know if your prescription drug contains an MAOI, ask a doctor or pharmacist before taking this product.\nIn children under 12 years of ageAsk a doctor before use if \n\n\nThe stomach bleeding warning applies to you\nYou have a history of stomach problems, such as heartburn\nYou have high blood pressure, heart disease, liver cirrhosis, kidney disease, asthma, thyroid disease, diabetes, have trouble urinating due to an enlarged prostate gland, or had a stroke\nYou are taking a diuretic\nYou have problems or serious side effects from taking pain relievers or fever reducersAsk a doctor or pharmacist before use if you are\n\n\nUnder a doctor's care for any serious condition\nTaking any other drugWhen using this product\n\n\nTake with food or milk if stomach upset occursStop use and ask a doctor if\n\n\nYou experience any of the following signs of stomach bleeding:\nFeel faint\nVomit blood \nHave bloody or black stools \nHave stomach pain that does not get better\nYou have symptoms of heart problems or stroke: \nChest pain\nTrouble breathing\nWeakness in one part or side of body\nSlurred speech\nLeg swelling\nRedness or swelling is present in the painful area\nAny new symptoms appear\nFever gets worse or lasts more than 3 days \nYou have difficulty swallowing or the caplet feels stuck in your throat\nYou get nervous, dizzy, or sleepless\nNasal congestion lasts more than 7 daysIf pregnant or breast-feeding, ask a health professional before use. It is especially important not to use naproxen sodium during the last 3 months of pregnancy unless definitely directed to do so by a doctor because it may cause problems in the unborn child or complications during delivery.\nKeep out of reach of children. In case of overdose, get medical help or contact a Poison Control Center right away. (1-800-222-1222)Temporary relieves these cold, sinus, & flu symptoms:  sinus pressure, minor body aches & pains, headache, nasal & sinus congestion (promotes sinus drainage & restores freer breathing through nose) & fever.""}]","16.0 ea","[{""product_specification"":""Product Type:Allergy MedicineProduct Name:12 Hour Sinus Pressure + Pain Relief Sinus DecongestantBrand:SudafedFSA/HSA Eligible:YesSize/Count:16.0 eaUPC:30045035816Item Code:501351""}]"
"1751959296-6","https://www.walgreens.com/store/c/allergy-medicine/ID=361485-tier3","Allegra-D 12 Hour Allergy and Congestion Relief Tablets Non-Drowsy  - 10 ea","https://www.walgreens.com/store/c/allegra-d-12-hour-allergy-and-congestion-relief-tablets-non-drowsy/ID=prod6053001-product","//pics.walgreens.com/prodimg/419115/900.jpg","[{""breadcrumbs"":""Home""},{""breadcrumbs"":""Shop""},{""breadcrumbs"":""Medicines & Treatments""},{""breadcrumbs"":""Allergy & Sinus""},{""breadcrumbs"":""Allergy Medicine""}]","","04116743102","Fexofenadine HCl - 60 mg (Antihistamine),Pseudophedrine HCl - 120 mg (Nasal decongestant)","[{""warning"":""Do not use \n\nIf you have ever had an allergic reaction to this product or any of its ingredients\nIf you are now taking a prescription monoamine oxidase inhibitor (MAOI) (certain drugs for depression, psychiatric, or emotional conditions, or Parkinson's disease), or for 2 weeks after stopping the MAOI drug. If you do not know if your prescription drug contains an MAOI, ask a doctor or pharmacist before taking this product.\nIf you have difficulty swallowing\nAsk a doctor before use if you have \n\nHeart disease\nThyroid disease\nGlaucoma\nHigh blood pressure\nDiabetes\nTrouble urinating due to an enlarged prostate gland\nKidney disease\nYour doctor should determine if you need a different dose.\nWhen using this product  \n\nDo not take more than directed  \nDo not take at the same time as aluminum or magnesium antacids\nDo not take with fruit juices (see Directions)\nThe tablet coating may be seen in the stool (this is normal). Continue to take as directed (see Directions).\nStop use and ask a doctor if \n\nAn allergic reaction to this product occurs. Seek medical help right away.\nSymptoms do not improve within 7 days or are accompanied by a fever\nYou get nervous, dizzy or sleepless\nIf pregnant or breast-feeding, ask a health professional before use. \nKeep out of reach of children. In case of overdose, get medical help or contact a Poison Control Center right away. Other information\nsafety sealed: do not use if carton is opened or if individual blister units are torn or opened\nstore between 20-25 degrees C (68-77 degrees F)""}]","10.0 ea","[{""product_specification"":""Product Type:Allergy MedicineProduct Name:12 Hour Allergy and Congestion Relief Tablets Non-DrowsyBrand:Allegra-DFSA/HSA Eligible:YesSize/Count:10.0 eaUPC:04116743102Item Code:885756""}]"
"1751959305-7","https://www.walgreens.com/store/c/allergy-medicine/ID=361485-tier3","Benadryl Allergy Relief Liquid Cherry  - 4 fl oz","https://www.walgreens.com/store/c/benadryl-allergy-relief-liquid-cherry/ID=prod4124329-product","//pics.walgreens.com/prodimg/446776/900.jpg","[{""breadcrumbs"":""Home""},{""breadcrumbs"":""Shop""},{""breadcrumbs"":""Medicines & Treatments""},{""breadcrumbs"":""Children & Baby's Health Care""},{""breadcrumbs"":""Children's Allergy & Sinus""}]","$9.99 $2.50/oz","35058053404","Diphenhydramine HCl (12.5 mg) (Antihistamine)","[{""warning"":""Do not use: \n\nTo make a child sleepy. \nWith any other product containing diphenhydramine, even one used on skin.Ask a doctor before use if the child has:\n\n\nA breathing problem such as chronic bronchitis. \nGlaucoma. \nA sodium-restricted diet.Ask a doctor or pharmacist before use if the child is taking sedatives or tranquilizers.\nWhen using this product:\n\n\nMarked drowsiness may occur. \nSedatives and tranquilizers may increase drowsiness. \nExcitability may occur, especially in children.Keep out of reach of children. In case of overdose, get medical help or contact a Poison Control Center right away. (1-800-222-1222)""}]","4.0 fl oz","[{""product_specification"":""Product Type:Children's Allergy & SinusProduct Name:Allergy Relief Liquid CherryBrand:BenadrylFSA/HSA Eligible:YesSize/Count:4.0 fl ozUPC:35058053404Item Code:994401""}]"
"1751959312-8","https://www.walgreens.com/store/c/allergy-medicine/ID=361485-tier3","Advil Allergy & Congestion Relief Coated Tablets  - 20 ea","https://www.walgreens.com/store/c/advil-allergy-&-congestion-relief-coated-tablets/ID=prod6163275-product?skuId=sku6145648","//pics.walgreens.com/prodimg/483672/900.jpg","[{""breadcrumbs"":""Home""},{""breadcrumbs"":""Shop""},{""breadcrumbs"":""Medicines & Treatments""},{""breadcrumbs"":""Allergy & Sinus""},{""breadcrumbs"":""Allergy Medicine""}]","$15.99 $0.80/eaWhen ordered online","30573019620","Chlorpheniramine Maleate (4mg) (Antihistamine),Ibuprofen (NSAID) - 200 mg (Pain reliever/fever reducer),Phenylephrine HCl - 10 mg (Nasal decongestant)","[{""warning"":""Product inside sealed in plastic blister with foil backing.  Do not use if plastic blister or foil barrier is broken.\nREAD AND KEEP CARTON FOR COMPLETE WARNINGS AND INFORMATION.\nAllergy alert: Ibuprofen may cause a severe allergic reaction especially in people allergic to aspirin.  Symptoms may include:\n\nHives \nFacial swelling \nAsthma (wheezing) \nShock \nSkin reddening \nRash \nBlisters\nIf an allergic reaction occurs, stop use and seek medical help right away.\nStomach bleeding warning: This product contains an NSAID, which may cause severe stomach bleeding. The chance is higher if you:\n\nAre age 60 or older \nHave had stomach ulcers or bleeding problems \nTake a blood thinning (anticoagulant) or steroid drug \nTake other drugs containing prescription or nonprescription NSAIDs [aspirin, ibuprofen, naproxen, or others] \nHave 3 or more alcoholic drinks every day while using this product \nTake more or for a longer time than directed\nDo not use\n\nIn children under 12 years of age because this product contains too much medication for children under this age \nIf you have ever had an allergic reaction to any other pain reliever/fever reducer \nRight before or after heart surgery \nIf you are now taking a prescription monoamine oxidase inhibitor (MAOI) (certain drugs for depression, psychiatric, or emotional conditions, or Parkinson's disease), or for 2 weeks after stopping the MAOI drug. If you do not know if your prescription drug contains an MAOI, ask a doctor or pharmacist before taking this product\nAsk a doctor before use if\n\nYou have a breathing problem such as emphysema or chronic bronchitis \nStomach bleeding warning applies to you \nYou have problems or serious side effects from taking pain relievers or fever reducers \nYou have a history of stomach problems, such as heartburn \nYou have high blood pressure, heart disease, liver cirrhosis, kidney disease, asthma, thyroid disease, diabetes, glaucoma or have trouble urinating due to an enlarged prostate gland \nYou are taking a diuretic\nAsk a doctor or pharmacist before use if you are\n\nUnder a doctor's care for any serious condition \nTaking sedatives or tranquilizers \nTaking any other product that contains phenylephrine, chlorpheniramine or any other nasal decongestant or antihistamine \nTaking aspirin for heart attack or stroke, because ibuprofen may decrease this benefit of aspirin \nTaking any other drug\nWhen using this product\n\nTake with food or milk if stomach upset occurs \nThe risk of heart attack or stroke may increase if you use more than directed or for longer than directed \nAvoid alcoholic drinks \nBe careful when driving a motor vehicle or operating machinery \nDrowsiness may occur \nAlcohol, sedatives, and tranquilizers may increase drowsiness \nMay cause excitability especially in children\nStop use and ask a doctor if\n\nYou experience any of the following signs of stomach bleeding:  Feel faint, vomit blood, have bloody or black stools, have stomach pain that does not get better \nPain gets worse or lasts more than 7 days \nFever gets worse or lasts more than 3 days \nNasal congestion lasts for more than 7 days \nRedness or swelling is present in the painful area \nYou get nervous, dizzy, or sleepless \nSymptoms continue or get worse \nAny new symptoms appear\nIf pregnant or breast-feeding, ask a health professional before use. It is especially important not to use ibuprofen during the last 3 months of pregnancy unless definitely directed to do so by a doctor because it may cause problems in the unborn child or complications during delivery.\nKeep out of reach of children. In case of overdose, get medical help or contact a Poison Control Center right away..""}]","20.0 ea","[{""product_specification"":""Product Type:Allergy MedicineProduct Name:Allergy & Congestion Relief Coated TabletsBrand:AdvilFSA/HSA Eligible:YesSize/Count:20.0 eaUPC:30573019620Item Code:788827""}]"
"1751959320-9","https://www.walgreens.com/store/c/allergy-medicine/ID=361485-tier3","Walgreens Allergy Relief Capsules  - 600 ea","https://www.walgreens.com/store/c/walgreens-allergy-relief-capsules/ID=300456710-product","//pics.walgreens.com/prodimg/679211/900.jpg","[{""breadcrumbs"":""Home""},{""breadcrumbs"":""Shop""},{""breadcrumbs"":""Medicines & Treatments""},{""breadcrumbs"":""Allergy & Sinus""},{""breadcrumbs"":""Allergy Medicine""}]","$31.99 When ordered online","31191713505","Diphenhydramine HCl - 25 mg (Antihistamine)","[{""warning"":""Do not use \n\nTo make a child sleepy \nWith any other product containing diphenhydramine, even one used on skin \nAsk a doctor before use if you have \n\nA breathing problem such as emphysema or chronic bronchitis \nGlaucoma \nTrouble urinating due to an enlarged prostate gland \nAsk a doctor or pharmacist before use if you are taking sedatives or tranquilizers. \nWhen using this product \n\nMarked drowsiness may occur \nAvoid alcoholic drinks \nAlcohol, sedatives and tranquilizers may increase drowsiness \nUse caution when driving a motor vehicle or operating machinery \nExcitability may occur, especially in children \nIf pregnant or breast-feeding, ask a health professional before use. Keep out of reach of children. In case of overdose, get medical help or contact a Poison Control Center (1-800-222-1222) right away.""}]","600.0 ea","[{""product_specification"":""Product Type:Allergy MedicineProduct Name:Allergy Relief CapsulesBrand:WalgreensFSA/HSA Eligible:NoSize/Count:600.0 eaUPC:31191713505Item Code:285447""}]"
"1751959327-10","https://www.walgreens.com/store/c/allergy-medicine/ID=361485-tier3","Allegra-D 24 Hour Allergy and Congestion Relief Tablets Non-Drowsy  - 10 ea","https://www.walgreens.com/store/c/allegra-d-24-hour-allergy-and-congestion-relief-tablets-non-drowsy/ID=prod6053003-product","//pics.walgreens.com/prodimg/419113/900.jpg","[{""breadcrumbs"":""Home""},{""breadcrumbs"":""Shop""},{""breadcrumbs"":""Medicines & Treatments""},{""breadcrumbs"":""Allergy & Sinus""},{""breadcrumbs"":""Allergy Medicine""}]","","04116743205","Fexofenadine HCl - 180 mg (Antihistamine),Pseudoephedrine HCl - 240 mg (Nasal Decongestant)","[{""warning"":""Do not use: \n\nIf you have ever had an allergic reaction to this product or any of its ingredients. \nIf you are now taking a prescription monoamine oxidase inhibitor (MAOI) (certain drugs for depression, psychiatric, or emotional conditions, or Parkinson's disease), or for 2 weeks after stopping the MAOI drug. If you do not know if your prescription drug contains an MAOI, ask a doctor or pharmacist before taking this product. \nIf you have difficulty swallowing.\nAsk a doctor before use if you have: \n\nHeart disease \nThyroid disease \nGlaucoma \nHigh blood pressure \nDiabetes \nTrouble urinating due to an enlarged prostate gland \nKidney disease. \nYour doctor should determine if you need a different dose.\nWhen using this product: \n\nDo not take more than directed. \nDo not take at the same time as aluminum or magnesium antacids. \nDo not take with fruit juices (see Directions). \nThe tablet coating may be seen in the stool (this is normal). Continue to take as directed (see Directions).\nStop use and ask a doctor if: \n\nAn allergic reaction to this product occurs. Seek medical help right away. \nSymptoms do not improve within 7 days or are accompanied by a fever. \nYou get nervous, dizzy or sleepless.\nIf pregnant or breast-feeding, ask a health professional before use. \nKeep out of reach of children. In case of overdose, get medical help or contact a Poison Control Center right away. Other information:\nEach tablet contains: Sodium 33 mg.\nSafety sealed: Do not use if carton is opened or if individual blister units are torn or opened.\nStore between 20 degrees and 25 degrees C (68 degrees and 77 degrees F).""}]","10.0 ea","[{""product_specification"":""Product Type:Allergy MedicineProduct Name:24 Hour Allergy and Congestion Relief Tablets Non-DrowsyBrand:Allegra-DFSA/HSA Eligible:YesSize/Count:10.0 eaUPC:04116743205Item Code:459345""}]"
"1751959336-11","https://www.walgreens.com/store/c/allergy-medicine/ID=361485-tier3","Walgreens Allergy Relief Diphenhydramine Capsules  - 600 ea","https://www.walgreens.com/store/c/walgreens-allergy-relief-diphenhydramine-capsules/ID=300455701-product?skuId=400652286","//pics.walgreens.com/prodimg/652286/900.jpg","[{""breadcrumbs"":""Home""},{""breadcrumbs"":""Shop""},{""breadcrumbs"":""Medicines & Treatments""},{""breadcrumbs"":""Allergy & Sinus""},{""breadcrumbs"":""Allergy Medicine""}]","$31.99 When ordered online","31191702759","Diphenhydramine HCl - 25 mg (Antihistamine)","[{""warning"":""Do not use\n\nTo make a child sleepy \nWith any other product containing diphenhydramine, even one used on skin. \nAsk a doctor before use if you have\n\nA breathing problem such as emphysema or chronic bronchitis \nGlaucoma \nTrouble urinating due to an enlarged prostate gland. \nAsk a doctor or pharmacist before use if you are taking sedatives or tranquilizers.\nWhen using this product\n\nMarked drowsiness may occur \nAvoid alcoholic drinks, alcohol, sedatives and tranquilizers may increase drowsiness \nUse caution when driving a motor vehicle or operating machinery \nExcitability may occur, especially in children. \nIf pregnant or breast-feeding, ask a health professional before use. Keep out of reach of children. In case of overdose, get medical help or contact a Poison Control Center (1-800-222-1222) right away.""}]","600.0 ea","[{""product_specification"":""Product Type:Allergy MedicineProduct Name:Allergy Relief Diphenhydramine CapsulesBrand:WalgreensFSA/HSA Eligible:YesSize/Count:600.0 eaUPC:31191702759Item Code:991032""}]"
"1751959342-12","https://www.walgreens.com/store/c/allergy-medicine/ID=361485-tier3","Zyrtec Allergy 24 Hour 10mg Tablets, Travel Size  - 3 Each","https://www.walgreens.com/store/c/zyrtec-allergy-24-hour-10mg-tablets,-travel-size/ID=prod6063537-product","//pics.walgreens.com/prodimg/439719/900.jpg","[{""breadcrumbs"":""Home""},{""breadcrumbs"":""Shop""},{""breadcrumbs"":""Medicines & Treatments""},{""breadcrumbs"":""Allergy & Sinus""},{""breadcrumbs"":""Allergy Medicine""}]","$6.29 When ordered online","30045020443","Cetirizine HCl (10mg) (Antihistamine)","[{""warning"":""This product cannot be shipped to the following state(s):AAAEAKAPASGUHIMPPRVIShipping Weight (in lbs): 0.02Size in inches (LxWxH): 0.8x 2.8x 4.5""}]","3.0 Each","[{""product_specification"":""Product Type:Allergy MedicineProduct Name:Allergy 24 Hour 10mg Tablets, Travel SizeBrand:ZyrtecFSA/HSA Eligible:YesSize/Count:3.0 EachUPC:30045020443Item Code:469829""}]"
"1751959349-13","https://www.walgreens.com/store/c/allergy-medicine/ID=361485-tier3","Walgreens Nasal Decongestant D Coated Caplets 12 Hour  - 10 ea","https://www.walgreens.com/store/c/walgreens-nasal-decongestant-d-coated-caplets-12-hour/ID=300345338-product","//pics.walgreens.com/prodimg/563845/900.jpg","[{""breadcrumbs"":""Home""},{""breadcrumbs"":""Shop""},{""breadcrumbs"":""Medicines & Treatments""},{""breadcrumbs"":""Allergy & Sinus""},{""breadcrumbs"":""Allergy Medicine""}]","","31191717783","Pseudoephedrine HCl USP - 120 mg (Nasal Decongestant)","[{""warning"":""Do not use if you are now taking a prescription monoamine oxidase inhibitor (MAOI) (certain drugs for depression, psychiatric or emotional conditions, or Parkinson's disease), or for 2 weeks after stopping the MAOI drug. If you do not know if your prescription drug contains an MAOI, ask a doctor or pharmacist before taking this product.\nAsk a doctor before use if you have\n\nHeart disease \nHigh blood pressure \nThyroid disease \nDiabetes \nTrouble urinating due to an enlarged prostate gland\nWhen using this product do not exceed recommended dosage\nStop use and ask a doctor if\n\nNervousness, dizziness, or sleeplessness occur \nSymptoms do not improve within 7 days or occur with a fever\nIf pregnant or breast-feeding, ask a health professional before use.\nKeep out of reach of children. In case of overdose, get medical help or contact a Poison Control Center right away. (1-800-222-1222)""}]","10.0 ea","[{""product_specification"":""Product Type:Allergy MedicineProduct Name:Nasal Decongestant D Coated Caplets 12 HourBrand:WalgreensFSA/HSA Eligible:YesSize/Count:10.0 eaUPC:31191717783Item Code:907579""}]"
"1751959355-14","https://www.walgreens.com/store/c/allergy-medicine/ID=361485-tier3","Walgreens 24 Hour Allergy & Congestion Relief Fexofenadine Pseudoephedrine Tablets  - 10 ea","https://www.walgreens.com/store/c/walgreens-24-hour-allergy-&-congestion-relief-fexofenadine-pseudoephedrine-tablets/ID=300445409-product","//pics.walgreens.com/prodimg/667179/900.jpg","[{""breadcrumbs"":""Home""},{""breadcrumbs"":""Shop""},{""breadcrumbs"":""Medicines & Treatments""},{""breadcrumbs"":""Allergy & Sinus""},{""breadcrumbs"":""Allergy Medicine""}]","","31191700968","Fexofenadine HCl USP - 180 mg (Antihistamine),Pseudoephedrine HCl USP - 240 mg (Nasal Decongestant)","[{""warning"":""Do not use \n\nIf you have ever had an allergic reaction to this product or any of its ingredients \nIf you are now taking a prescription monoamine oxidase inhibitor (MAOI) (certain drugs for depression, psychiatric, or emotional conditions, or Parkinson's disease), or for 2 weeks after stopping the MAOI drug. If you do not know if your prescription drug contains an MAOI, ask a doctor or pharmacist before taking this product. \nIf you have difficulty swallowing\nAsk a doctor before use if you have \n\nHeart disease \nThyroid disease \nGlaucoma \nHigh blood pressure \nDiabetes \nTrouble urinating due to an enlarged prostate gland \nKidney disease. Your doctor should determine if you need a different dose. \nWhen using this product\n\nDo not take more than directed \nDo not take at the same time as aluminum or magnesium antacids \nDo not take with fruit juices (see Directions) \nThe tablet coating may be seen in the stool (this is normal). Continue to take as directed (see Directions). \nStop use and ask a doctor if \n\nAn allergic reaction to this product occurs. Seek medical help right away. \nSymptoms do not improve within 7 days or are accompanied by a fever \nYou get nervous, dizzy, or sleepless \nIf pregnant or breast-feeding, ask a health professional before use. \nKeep out of reach of children. In case of overdose, get medical help or contact a Poison Control Center right away (1-800-222-1222).""}]","10.0 ea","[{""product_specification"":""Product Type:Allergy MedicineProduct Name:24 Hour Allergy & Congestion Relief Fexofenadine Pseudoephedrine TabletsBrand:WalgreensFSA/HSA Eligible:YesSize/Count:10.0 eaUPC:31191700968Item Code:173847""}]"
"1751959363-15","https://www.walgreens.com/store/c/allergy-medicine/ID=361485-tier3","Walgreens Allergy Relief Diphenhydramine Caplets  - 600 ea","https://www.walgreens.com/store/c/walgreens-allergy-relief-diphenhydramine-caplets/ID=300437463-product","//pics.walgreens.com/prodimg/648402/900.jpg","[{""breadcrumbs"":""Home""},{""breadcrumbs"":""Shop""},{""breadcrumbs"":""Medicines & Treatments""},{""breadcrumbs"":""Allergy & Sinus""},{""breadcrumbs"":""Allergy Medicine""}]","$31.99 $0.05/eaWhen ordered online","31191702724","Diphenhydramine HCl - 25 mg (Antihistamine)","[{""warning"":""Do not use\n\nTo make a child sleepy \nWith any other product containing diphenhydramine, even one used on skin \nAsk a doctor before use if you have\n\nGlaucoma \nTrouble urinating due to enlarged prostate gland \nA breathing problem such as emphysema or chronic bronchitis. \nAsk a doctor or pharmacist before use if you are taking sedatives or tranquilizers.\nWhen using this product\n\nMarked drowsiness may occur \nAvoid alcoholic drinks \nAlcohol, sedatives, and tranquilizers may increase drowsiness \nExcitability may occur, especially in children \nBe careful when driving a motor vehicle or operating machinery. \nIf pregnant or breast-feeding, ask a health professional before use.\nKeep out of reach of children. In case of overdose, get medical help or contact a Poison Control Center right away. (1-800-222-1222).\nTAMPER EVIDENT: DO NOT USE THIS PRODUCT IF THE IMPRINTED FOIL SEAL OVER THE MOUTH OF THE BOTTLE IS CUT, TORN, BROKEN OR MISSING""}]","600.0 ea","[{""product_specification"":""Product Type:Allergy MedicineProduct Name:Allergy Relief Diphenhydramine CapletsBrand:WalgreensFSA/HSA Eligible:YesSize/Count:600.0 eaUPC:31191702724Item Code:989560""}]"
"1751959368-16","https://www.walgreens.com/store/c/allergy-medicine/ID=361485-tier3","Benadryl Antihistamine Tablets for Travel Cherry  - 8 ea","https://www.walgreens.com/store/c/benadryl-antihistamine-tablets-for-travel-cherry/ID=prod6354950-product","//pics.walgreens.com/prodimg/597604/900.jpg","[{""breadcrumbs"":""Home""},{""breadcrumbs"":""Shop""},{""breadcrumbs"":""Medicines & Treatments""},{""breadcrumbs"":""Allergy & Sinus""},{""breadcrumbs"":""Allergy Medicine""}]","2/$8.00 or 1/$4.99","30045017008","Diphenhydramine HCl (25 mg) (Antihistamine)","[{""warning"":""Do not use\n\nTo make a child sleepy\nWith any other product containing diphenhydramine, even one used on skin\nAsk a doctor before use if you have\n\nA breathing problem such as emphysema or chronic bronchitis\nGlaucoma\nTrouble urinating due to an enlarged prostate gland\nAsk a doctor or pharmacist before use if you are taking sedatives or tranquilizers\nWhen using this product\n\nMarked drowsiness may occur\nAvoid alcoholic drinks\nAlcohol, sedatives, and tranquilizers may increase drowsiness\nBe careful when driving a motor vehicle or operating machinery\nExcitability may occur, especially in children\nIf pregnant or breast-feeding, ask a health professional before use.\nKeep out of reach of children. In case of overdose, get medical help or contact a Poison Control Center right away. (1-800-222-1222)""}]","8.0 ea","[{""product_specification"":""Product Type:Allergy MedicineProduct Name:Antihistamine Tablets for Travel CherryBrand:BenadrylFSA/HSA Eligible:YesSize/Count:8.0 eaUPC:30045017008Item Code:980787""}]"
"1751959374-17","https://www.walgreens.com/store/c/allergy-medicine/ID=361485-tier3","Allegra Adult 24 Hour Allergy Tablets, Non-Drowsy Antihistamine  - 45 ea","https://www.walgreens.com/store/c/allegra-adult-24-hour-allergy-tablets,-non-drowsy-antihistamine/ID=300404265-product","//pics.walgreens.com/prodimg/322178/900.jpg","[{""breadcrumbs"":""Home""},{""breadcrumbs"":""Shop""},{""breadcrumbs"":""Medicines & Treatments""},{""breadcrumbs"":""Allergy & Sinus""},{""breadcrumbs"":""Allergy Medicine""}]","$29.99 $0.67/eaWhen ordered online","04116741274","Fexofenadrine HCl - 180 mg (Antihistamine)","[{""warning"":""Do not use if you have ever had an allergic reaction to this product or any of its ingredients.\nAsk a doctor before use if you have kidney disease. Your doctor should determine if you need a different dose.\nWhen using this product\n\nDo not take more than directed \nDo not take at the same time as aluminum or magnesium antacids \nDo not take with fruit juices (see Directions)\nStop use and ask a doctor if an allergic reaction to this product occurs. Seek medical help right away.\nIf pregnant or breast-feeding, ask a health professional before use.\nKeep out of reach of children. In case of overdose, get medical help or contact a Poison Control Center right away.""}]","45.0 ea","[{""product_specification"":""Product Type:Allergy MedicineProduct Name:Adult 24 Hour Allergy Tablets, Non-Drowsy AntihistamineBrand:AllegraFSA/HSA Eligible:YesSize/Count:45.0 eaUPC:04116741274Item Code:459353""}]"
"1751959381-18","https://www.walgreens.com/store/c/allergy-medicine/ID=361485-tier3","Claritin Non-Drowsy Indoor & Outdoor Allergy Tablets  - 5 ea","https://www.walgreens.com/store/c/claritin-non-drowsy-indoor-&-outdoor-allergy-tablets/ID=prod6350352-product","//pics.walgreens.com/prodimg/597494/900.jpg","[{""breadcrumbs"":""Home""},{""breadcrumbs"":""Shop""},{""breadcrumbs"":""Medicines & Treatments""},{""breadcrumbs"":""Allergy & Sinus""},{""breadcrumbs"":""Allergy Medicine""}]","$8.99 $1.80/eaWhen ordered online","04110080317","Loratadine - 10 mg (Antihistamine)","[{""warning"":""Do not use if you have ever had an allergic reaction to this product or any of its ingredients. \nAsk a doctor before use if you have liver or kidney disease. Your doctor should determine if you need a different dose. \nWhen using this product do not take more than directed. Taking more than directed may cause drowsiness. \nStop use and ask a doctor if an allergic reaction to this product occurs. Seek medical help right away. \nIf pregnant or breast-feeding, ask a health professional before use. \nKeep out of reach of children. In case of overdose, get medical help or contact a Poison Control Center right away.Uses:  temporarily relieves these symptoms due to hay fever or other upper respiratory allergies:runny nosesneezingitchy, watery eyesitching of the nose or throat""}]","5.0 ea","[{""product_specification"":""Product Type:Allergy MedicineProduct Name:Non-Drowsy Indoor & Outdoor Allergy TabletsBrand:ClaritinFSA/HSA Eligible:YesSize/Count:5.0 eaUPC:04110080317Item Code:185092""}]"
"1751959386-19","https://www.walgreens.com/store/c/allergy-medicine/ID=361485-tier3","XYZAL 24 Hour Allergy Relief Medicine, Prescription Strength  - 55 ea","https://www.walgreens.com/store/c/xyzal-24-hour-allergy-relief-medicine,-prescription-strength/ID=300404262-product","//pics.walgreens.com/prodimg/587504/900.jpg","[{""breadcrumbs"":""Home""},{""breadcrumbs"":""Shop""},{""breadcrumbs"":""Medicines & Treatments""},{""breadcrumbs"":""Allergy & Sinus""},{""breadcrumbs"":""Allergy Medicine""}]","$32.99 $0.60/eaWhen ordered online","04116735102","Levocetirizine Dihydrochloride - 5 mg (Antihistamine)","[{""warning"":""Do not use \n\nIf you have kidney disease \nIf you have ever had an allergic reaction to this product or any of its ingredients or to an antihistamine containing cetirizineAsk a doctor before use if you have \n\nEver had trouble urinating or emptying your bladderWhen using this product \n\nDrowsiness may occur \nAvoid alcoholic drinks \nAlcohol, sedatives, and tranquilizers may increase drowsiness \nBe careful when driving a motor vehicle or operating machineryStop use and ask a doctor if \n\nYou have trouble urinating or emptying your bladder \nAn allergic reaction to this product occurs. Seek medical help right awayIf pregnant or breast-feeding: \n\nIf breast-feeding: not recommended \nIf pregnant: ask a health professional before useKeep out of reach of children. In case of overdose, get medical help or contact a Poison Control Center right away (1-800-222-1222). Other information: Safety Sealed: do not use if carton was opened or if individual blister unit is open or torn.""}]","55.0 ea","[{""product_specification"":""Product Type:Allergy MedicineProduct Name:24 Hour Allergy Relief Medicine, Prescription StrengthBrand:XYZALFSA/HSA Eligible:YesSize/Count:55.0 eaUPC:04116735102Item Code:699440""}]"
"1751959390-20","https://www.walgreens.com/store/c/allergy-medicine/ID=361485-tier3","Claritin Chewables, 24 HR Non-Drowsy Allergy Relief Cool Mint  - 24 ea","https://www.walgreens.com/store/c/claritin-chewables,-24-hr-non-drowsy-allergy-relief-cool-mint/ID=300399128-product","//pics.walgreens.com/prodimg/620477/900.jpg","[{""breadcrumbs"":""Home""},{""breadcrumbs"":""Shop""},{""breadcrumbs"":""Medicines & Treatments""},{""breadcrumbs"":""Allergy & Sinus""},{""breadcrumbs"":""Allergy Medicine""}]","$24.99 $1.04/eaWhen ordered online","04110058098","Loratadine - 10 mg (Antihistamine)","[{""warning"":""Do not use if you have ever had an allergic reaction to this product or any of its ingredients. Ask a doctor before use if you have liver or kidney disease. Your doctor should determine if you need a different dose. When using this product do not take more than directed. Taking more than directed may cause drowsiness. Stop use and ask a doctor if an allergic reaction to this product occurs. Seek medical help right away. If pregnant or breast-feeding, ask a health professional before use. Keep out of reach of children. In case of overdose, get medical help or contact a Poison Control Center right away.""}]","24.0 ea","[{""product_specification"":""Product Type:Allergy MedicineProduct Name:Chewables, 24 HR Non-Drowsy Allergy Relief Cool MintBrand:ClaritinFSA/HSA Eligible:YesSize/Count:24.0 eaUPC:04110058098Item Code:508976""}]"
"1751959394-21","https://www.walgreens.com/store/c/allergy-medicine/ID=361485-tier3","Walgreens Allergy Relief Liquid Cherry  - 4 fl oz","https://www.walgreens.com/store/c/walgreens-allergy-relief-liquid-cherry/ID=300419187-product","//pics.walgreens.com/prodimg/640279/900.jpg","[{""breadcrumbs"":""Home""},{""breadcrumbs"":""Shop""},{""breadcrumbs"":""Medicines & Treatments""},{""breadcrumbs"":""Allergy & Sinus""},{""breadcrumbs"":""Allergy Medicine""}]","$6.79 $1.70/oz","31191721517","Diphenhydramine HCl USP - 25 mg (Antihistamine)","[{""warning"":""Do not use\n\nTo make a child sleepy\nWith any other product containing diphenhydramine, even one used on skin\nAsk a doctor before use if you have\n\nA breathing problem such as chronic bronchitis or emphysema\nGlaucoma\nTrouble urinating due to an enlarged prostate gland\nAsk a doctor or pharmacist before use if the user is taking sedatives or tranquilizers\nWhen using this product\n\nMarked drowsiness may occur\nAvoid alcoholic drinks\nAlcohol, sedatives, and tranquilizers may increase drowsiness\nBe careful when driving a motor vehicle or operating machinery\nExcitability may occur, especially in children\nIf pregnant or breast-feeding, ask a health professional before use.\nKeep out of reach of children.\nIn case of overdose, get medical help or contact a Poison Control Center right away at 1-800-222-1222.""}]","4.0 fl oz","[{""product_specification"":""Product Type:Allergy MedicineProduct Name:Allergy Relief Liquid CherryBrand:WalgreensFSA/HSA Eligible:YesSize/Count:4.0 fl ozUPC:31191721517Item Code:773437""}]"
"1751959400-22","https://www.walgreens.com/store/c/allergy-medicine/ID=361485-tier3","Zyrtec 24 Hour Allergy Dissolve Tablets Citrus  - 24 ea","https://www.walgreens.com/store/c/zyrtec-24-hour-allergy-dissolve-tablets-citrus/ID=prod6062769-product","//pics.walgreens.com/prodimg/514849/900.jpg","[{""breadcrumbs"":""Home""},{""breadcrumbs"":""Shop""},{""breadcrumbs"":""Medicines & Treatments""},{""breadcrumbs"":""Allergy & Sinus""},{""breadcrumbs"":""Allergy Medicine""}]","$24.99 $1.04/eaWhen ordered online","30045024225","Cetirizine HCl - 10 mg (Antihistamine)","[{""warning"":""Do not use if you have ever had an allergic reaction to this product or any of its ingredients or to an antihistamine containing hydroxyzine. \nAsk a doctor before use if you have liver or kidney disease. Your doctor should determine if you need a different dose. \nAsk a doctor or pharmacist before use if you are taking tranquilizers or sedatives. \nWhen using this product drowsiness may occur \nAvoid alcoholic drinks \nAlcohol, sedatives, and tranquilizers may increase drowsiness \nBe careful when driving a motor vehicle or operating machinery. \nStop use and ask a doctor if an allergic reaction to this product occurs. Seek medical help right away. \nIf breast-feeding: not recommended \nIf pregnant: ask a health professional before use. Keep out of reach of children. In case of overdose, get medical help or contact a Poison Control Center right away. (1-800-222-1222)Temporarily relieves these symptoms due to hay fever or other upper respiratory allergies:\n\n\nRunny nose\nSneezing\nItchy, watery eyes\nItching of the nose or throat""}]","24.0 ea","[{""product_specification"":""Product Type:Allergy MedicineProduct Name:24 Hour Allergy Dissolve Tablets CitrusBrand:ZyrtecFSA/HSA Eligible:YesSize/Count:24.0 eaUPC:30045024225Item Code:447687""}]"
"1751959405-23","https://www.walgreens.com/store/c/allergy-medicine/ID=361485-tier3","Astepro Allergy Antihistamine Nasal Spray  - 0.78 fl oz","https://www.walgreens.com/store/c/astepro-allergy-antihistamine-nasal-spray/ID=300420972-product","//pics.walgreens.com/prodimg/642076/900.jpg","[{""breadcrumbs"":""Home""},{""breadcrumbs"":""Shop""},{""breadcrumbs"":""Medicines & Treatments""},{""breadcrumbs"":""Allergy & Sinus""},{""breadcrumbs"":""Allergy Medicine""}]","","04110058990","Azelastine HCl (Equivalent to 187.6 mcg Azelastine) - 205.5 mcg (Antihistamine)","[{""warning"":""Only for use in the nose. Do not spray in eyes or mouth. \nDo not use if you have ever had an allergic reaction to this product or any of its ingredients. \nAsk a doctor before use if you have had recent nose ulcers or nose surgery; had a nose injury that has not healed. \nWhen using this product drowsiness may occur; avoid alcoholic drinks; alcohol, sedatives, and tranquilizers may increase drowsiness, be careful when driving a motor vehicle or operating machinery. \nYou may get a bitter taste in your mouth. To avoid this, tilt your head downward while spraying; Nasal discomfort or sneezing may occur right after use. \nDo not share this bottle with anyone else as this may spread germs.""}]","0.78 fl oz","[{""product_specification"":""Product Type:Allergy MedicineProduct Name:Allergy Antihistamine Nasal SprayBrand:AsteproFSA/HSA Eligible:YesSize/Count:0.78 fl ozUPC:04110058990Item Code:397457""}]"
"1751959411-24","https://www.walgreens.com/store/c/allergy-medicine/ID=361485-tier3","Astepro Allergy Antihistamine Nasal Spray  - 0.37 fl oz","https://www.walgreens.com/store/c/astepro-allergy-antihistamine-nasal-spray/ID=300420970-product","//pics.walgreens.com/prodimg/642074/900.jpg","[{""breadcrumbs"":""Home""},{""breadcrumbs"":""Shop""},{""breadcrumbs"":""Medicines & Treatments""},{""breadcrumbs"":""Allergy & Sinus""},{""breadcrumbs"":""Allergy Medicine""}]","$17.99 $48.62/ozWhen ordered online","04110058992","Azelastine HCl (equivalent to 187.6 mcg azelastine) - 205.5 mcg (Antihistamine)","[{""warning"":""Only for use in the nose. Do not spray in eyes or mouth.\nDO NOT USE if you have ever had an allergic reaction to this product or any of it's ingredients. \nASK A DOCTOR BEFORE USE IF YOU have had recent nose ulcers or nose surgery; have a nose injury that has not healed. \nWHEN USING THIS PRODUCT drowsiness may occur; avoid alcoholic drinks; alcohol, sedatives, and tranquilizers may increase drowsiness. Be careful when driving a motor vehicle or operating machinery. You may get a bitter taste in your mouth. To avoid this, tilt your head downward while spraying. Nasal discomfort or sneezing may occur right after use. Do not share this bottle with anyone else as this may spread germs.""}]","0.37 fl oz","[{""product_specification"":""Product Type:Allergy MedicineProduct Name:Allergy Antihistamine Nasal SprayBrand:AsteproFSA/HSA Eligible:YesSize/Count:0.37 fl ozUPC:04110058992Item Code:396508""}]"
"1751959417-25","https://www.walgreens.com/store/c/allergy-medicine/ID=361485-tier3","Allegra Adult 24 Hour Allergy Gelcaps, Non-Drowsy Antihistamine  - 60 ea","https://www.walgreens.com/store/c/allegra-adult-24-hour-allergy-gelcaps,-non-drowsy-antihistamine/ID=300404268-product","//pics.walgreens.com/prodimg/570465/900.jpg","[{""breadcrumbs"":""Home""},{""breadcrumbs"":""Shop""},{""breadcrumbs"":""Medicines & Treatments""},{""breadcrumbs"":""Allergy & Sinus""},{""breadcrumbs"":""Allergy Medicine""}]","$36.99 $0.62/eaWhen ordered online","04116741222","Fexofenadine HCl - 180 mg (Antihistamine)","[{""warning"":""Do not use if you have ever had an allergic reaction to this product or any of its ingredients. Ask a doctor before use if you have kidney disease. Your doctor should determine if you need a different dose. \nWhen using this product \n\nDo not take more than directed \nDo not take at the same time as aluminum or magnesium antacids \nDo not take with fruit juices (see Directions)\nStop use and ask a doctor if an allergic reaction to this product occurs. Seek medical help right away. If pregnant or breast-feeding, ask a health professional before use.\nKeep out of reach of children. In case of overdose, get medical help or contact a Poison Control Center right away. \nOther information: \n\nSafety sealed: do not use if carton is opened or if printed foil inner seal on bottle is torn or missing""}]","60.0 ea","[{""product_specification"":""Product Type:Allergy MedicineProduct Name:Adult 24 Hour Allergy Gelcaps, Non-Drowsy AntihistamineBrand:AllegraFSA/HSA Eligible:YesSize/Count:60.0 eaUPC:04116741222Item Code:933889""}]"
"1751959423-26","https://www.walgreens.com/store/c/allergy-medicine/ID=361485-tier3","Allegra Adult 12 Hour Allergy Tablets, Non-Drowsy Antihistamine  - 24 ea","https://www.walgreens.com/store/c/allegra-adult-12-hour-allergy-tablets,-non-drowsy-antihistamine/ID=300437332-product","//pics.walgreens.com/prodimg/518652/900.jpg","[{""breadcrumbs"":""Home""},{""breadcrumbs"":""Shop""},{""breadcrumbs"":""Medicines & Treatments""},{""breadcrumbs"":""Allergy & Sinus""},{""breadcrumbs"":""Allergy Medicine""}]","$14.99 $0.62/eaWhen ordered online","04116741314","Fexofenadine HCl - 60 mg (Antihistamine)","[{""warning"":""Do not use if you have ever had an allergic reaction to this product or any of its ingredients.\nAsk a doctor before use if you have kidney disease. Your doctor should determine if you need a different dose.\nWhen using this product:\n\nDo not take more than directed \nDo not take at the same time as aluminum or magnesium antacids \nDo not take with fruit juices (see Directions)\nStop use and ask a doctor if an allergic reaction to this product occurs. Seek medical help right away.\nIf pregnant or breast-feeding, ask a health professional before use. Keep out of reach of children. In case of overdose, get medical help or contact a Poison Control Center right away..""}]","24.0 ea","[{""product_specification"":""Product Type:Allergy MedicineProduct Name:Adult 12 Hour Allergy Tablets, Non-Drowsy AntihistamineBrand:AllegraFSA/HSA Eligible:YesSize/Count:24.0 eaUPC:04116741314Item Code:322945""}]"
"1751959430-27","https://www.walgreens.com/store/c/allergy-medicine/ID=361485-tier3","Benadryl Ultratabs Antihistamine Cold & Allergy Relief Tablets  - 100 ea","https://www.walgreens.com/store/c/benadryl-ultratabs-antihistamine-cold-&-allergy-relief-tablets/ID=300411119-product","//pics.walgreens.com/prodimg/484614/900.jpg","[{""breadcrumbs"":""Home""},{""breadcrumbs"":""Shop""},{""breadcrumbs"":""Medicines & Treatments""},{""breadcrumbs"":""Allergy & Sinus""},{""breadcrumbs"":""Allergy Medicine""}]","$18.99 $0.19/ea","30045017014","Diphenhydramine HCl (25 mg) (Antihistamine)","[{""warning"":""Do not use \n\nTo make a child sleepy    \nWith any other product containing diphenhydramine, even one used on skin\nAsk a doctor before use if you have    \n\nA breathing problem such as emphysema or chronic bronchitis    \nGlaucoma    \nTrouble urinating due to an enlarged prostate gland\nAsk a doctor or pharmacist before use if you are taking sedatives or tranquilizers\nWhen using this product    \n\nMarked drowsiness may occur    \nAvoid alcoholic drinks    \nAlcohol, sedatives, and tranquilizers may increase drowsiness    \nBe careful when driving a motor vehicle or operating machinery    \nExcitability may occur, especially in children\nIf pregnant or breast-feeding, ask a health professional before use.\nKeep out of reach of children. In case of overdose, get medical help or contact a Poison Control Center right away. (1-800-222-1222)""}]","100.0 ea","[{""product_specification"":""Product Type:Allergy MedicineProduct Name:Ultratabs Antihistamine Cold & Allergy Relief TabletsBrand:BenadrylFSA/HSA Eligible:YesSize/Count:100.0 eaUPC:30045017014Item Code:283497""}]"
"1751959439-28","https://www.walgreens.com/store/c/allergy-medicine/ID=361485-tier3","Flonase Allergy Relief Nasal Spray  - 0.62 fl oz   x 2 pack","https://www.walgreens.com/store/c/flonase-allergy-relief-nasal-spray/ID=prod6383571-product","//pics.walgreens.com/prodimg/607108/900.jpg","[{""breadcrumbs"":""Home""},{""breadcrumbs"":""Shop""},{""breadcrumbs"":""Medicines & Treatments""},{""breadcrumbs"":""Allergy & Sinus""},{""breadcrumbs"":""Nasal Sprays""}]","","35310020334","Fluticasone Propionate (glucocorticoid) - 50 mcg (Allergy Symptom Reliever)","[{""warning"":""Only for use in the nose. Do not spray into your eyes or mouth. Do not use: In children under 4 years of age. To treat asthma. If you have an injury or surgery to your nose that is not fully healed. If you have ever had an allergic reaction to this product or any of the ingredients. Ask a doctor before use if you have or had glaucoma or cataracts. Ask a doctor or pharmacist before use if you are taking: Medicine for HIV infection (such as ritonavir). A steroid medicine for asthma, allergies or skin rash. Ketoconazole pills (medicine for fungal infection). When using this product the growth rate of some children may be slower. Stinging or sneezing may occur for a few seconds right after use. Do not share this bottle with anyone else as this may spread germs. Remember to tell your doctor about all the medicines you take, including this one. Stop use and ask a doctor if: You have, or come into contact with someone who has, chicken pox, measles or tuberculosis. Your symptoms do not get better within 7 days of starting use or you get new symptoms such as severe facial pain or thick nasal discharge. You may have something more than allergies, such as an infection. You get a constant whistling sound from your nose. This may be a sign of damage inside your nose. You get an allergic reaction to this product. Seek medical help right away. You get new changes to your vision that develop after starting this product. you have severe or frequent nosebleeds If pregnant or breast-feeding, ask a health professional before use. Keep out of reach of children. In case of overdose, get medical help or contact a Poison Control Center right away.Temporarily relieves these symptoms of hay fever or other upper respiratory allergies: nasal congestion itchy nose runny nose itchy, watery eyes sneezing""}]","0.62 fl oz","[{""product_specification"":""Product Type:Nasal SpraysProduct Name:Allergy Relief Nasal SprayBrand:FlonaseFSA/HSA Eligible:YesSize/Count:0.62 fl ozUPC:35310020334Item Code:827156""}]"
"1751959444-29","https://www.walgreens.com/store/c/allergy-medicine/ID=361485-tier3","Claritin RediTabs, 12 HR Non-Drowsy Allergy Relief  - 30 ea","https://www.walgreens.com/store/c/claritin-reditabs,-12-hr-non-drowsy-allergy-relief/ID=prod6000684-product","//pics.walgreens.com/prodimg/219079/900.jpg","[{""breadcrumbs"":""Home""},{""breadcrumbs"":""Shop""},{""breadcrumbs"":""Medicines & Treatments""},{""breadcrumbs"":""Allergy & Sinus""},{""breadcrumbs"":""Allergy Medicine""}]","$26.99 $0.90/eaWhen ordered online","04110080521","Loratadine (5 mg) (Antihistamine)","[{""warning"":""DO NOT USE if you have ever had an allergic reaction to this product or any of its ingredients.\nASK A DOCTOR BEFORE USE IF YOU HAVE liver or kidney disease. Your doctor should determine if you need a different dose. \nWHEN USING THIS PRODUCT do not take more than directed. Taking more than directed may cause drowsiness. \nSTOP USE AND ASK A DOCTOR IF an allergic reaction to this product occurs. Seek medical help right away.\nIF PREGNANT OR BREAST-FEEDING, ask a health professional before use. \nKEEP OUT OF REACH OF CHILDREN. In case of overdose, get medical help or contact a Poison Control Center right away. Uses: temporarily relieves these symptoms due to hay fever or other upper respiratory allergies:runny nosesneezingitchy, watery eyesitching of the nose or throat""}]","30.0 ea","[{""product_specification"":""Product Type:Allergy MedicineProduct Name:RediTabs, 12 HR Non-Drowsy Allergy ReliefBrand:ClaritinFSA/HSA Eligible:YesSize/Count:30.0 eaUPC:04110080521Item Code:501157""}]"
"1751959450-30","https://www.walgreens.com/store/c/allergy-medicine/ID=361485-tier3","Zyrtec 24 Hour Allergy Relief Antihistamine Capsules  - 25.0 ea  x 1","https://www.walgreens.com/store/c/zyrtec-24-hour-allergy-relief-antihistamine-capsules/ID=prod6018396-product","//pics.walgreens.com/prodimg/414360/900.jpg","[{""breadcrumbs"":""Home""},{""breadcrumbs"":""Shop""},{""breadcrumbs"":""Medicines & Treatments""},{""breadcrumbs"":""Allergy & Sinus""},{""breadcrumbs"":""Allergy Medicine""}]","","30045020425","Cetirizine HCl - 10 mg (Antihistamine)","[{""warning"":""Do not use if you have ever had an allergic reaction to this product or any of its ingredients or to an antihistamine containing hydroxyzine.\nAsk a doctor before use if you have liver or kidney disease. Your doctor should determine if you need a different dose.\nAsk a doctor or pharmacist before use if you are taking tranquilizers or sedatives.\nWhen using this product:\n\nDrowsiness may occur. \nAvoid alcoholic drinks. \nAlcohol, sedatives, and tranquilizers may increase drowsiness. \nBe careful when driving a motor vehicle or operating machinery.\nStop use and ask a doctor if an allergic reaction to this product occurs. Seek medical help right away.\nIf pregnant or breast-feeding:\n\nIf breast-feeding: not recommended. \nIf pregnant: ask a health professional before use. Keep out of reach of children. In case of overdose, get medical help or contact a Poison Control Center right away. (1-800-222-1222)Temporarily relieves these symptoms due to hay fever or other upper respiratory allergies:\n\nRunny nose \nSneezing\nItchy, watery eyes \nItching of the nose or throat""}]","25.0 ea","[{""product_specification"":""Product Type:Allergy MedicineProduct Name:24 Hour Allergy Relief Antihistamine CapsulesBrand:ZyrtecFSA/HSA Eligible:YesSize/Count:25.0 eaUPC:30045020425Item Code:477979""}]"
"1751959455-31","https://www.walgreens.com/store/c/allergy-medicine/ID=361485-tier3","Allegra Adult 24 Hour Allergy Gelcaps, Non-Drowsy Antihistamine  - 24 ea","https://www.walgreens.com/store/c/allegra-adult-24-hour-allergy-gelcaps,-non-drowsy-antihistamine/ID=prod6262981-product","//pics.walgreens.com/prodimg/548469/900.jpg","[{""breadcrumbs"":""Home""},{""breadcrumbs"":""Shop""},{""breadcrumbs"":""Medicines & Treatments""},{""breadcrumbs"":""Allergy & Sinus""},{""breadcrumbs"":""Allergy Medicine""}]","","04116741221","Fexofenadine HCl - 180 mg (Antihistamine)","[{""warning"":""Do not use if you have ever had an allergic reaction to this product or any of its ingredients.\nAsk a doctor before use if you have kidney disease. Your doctor should determine if you need a different dose.\nWhen using this product\n\nDo not take more than directed \nDo not take at the same time as aluminum or magnesium antacids \nDo not take with fruit juices (see Directions)\nStop use and ask a doctor if an allergic reaction to this product occurs. Seek medical help right away.\nIf pregnant or breast-feeding, ask a health professional before use.\nKeep out of reach of children. In case of overdose, get medical help or contact a Poison Control Center right away.\nOther information:\n\nSafety sealed: do not use if carton is opened or if printed foil inner seal on bottle is torn or missingTemporarily relieves these symptoms due to hay fever or other upper respiratory allergies:\n\nRunny Nose\nSneezing\nItchy, Watery Eyes\nItching of the Nose or Throat""}]","24.0 ea","[{""product_specification"":""Product Type:Allergy MedicineProduct Name:Adult 24 Hour Allergy Gelcaps, Non-Drowsy AntihistamineBrand:AllegraFSA/HSA Eligible:YesSize/Count:24.0 eaUPC:04116741221Item Code:378160""}]"
"1751959464-32","https://www.walgreens.com/store/c/allergy-medicine/ID=361485-tier3","Zyrtec 24 Hour Allergy Relief Tablets, Cetirizine HCl  - 5 ea","https://www.walgreens.com/store/c/zyrtec-24-hour-allergy-relief-tablets,-cetirizine-hcl/ID=prod3665136-product","//pics.walgreens.com/prodimg/442884/900.jpg","[{""breadcrumbs"":""Home""},{""breadcrumbs"":""Shop""},{""breadcrumbs"":""Medicines & Treatments""},{""breadcrumbs"":""Allergy & Sinus""},{""breadcrumbs"":""Allergy Medicine""}]","$6.99 $1.40/eaWhen ordered online","31254720430","Cetirizine HCl - 10 mg (Antihistamine)","[{""warning"":""Do not use if you have ever had an allergic reaction to this product or any of its ingredients or to an antihistamine containing hydroxyzine.\nAsk a doctor before use if you have liver or kidney disease. Your doctor should determine if you need a different dose.\nAsk a doctor or pharmacist before use if you are taking tranquilizers or sedatives.\nWhen using this product\n\nDrowsiness may occur \n\nAvoid alcoholic drinks \nAlcohol, sedatives, and tranquilizers may increase drowsiness \nBe careful when driving a motor vehicle or operating machinery\nStop use and ask a doctor if an allergic reaction to this product occurs. Seek medical help right away. \nIf pregnant or breast-feeding: \n\nIf breast-feeding: not recommended \nIf pregnant: ask a health professional before use.\nKeep out of reach of children. In case of overdose, get medical help or contact a Poison Control Center right away. (1-800-222-1222)Temporarily relieves these symptoms due to hay fever or other upper respiratory allergies:\n\nRunny nose \nSneezing\nItchy, watery eyes \nItching of the nose or throat""}]","5.0 ea","[{""product_specification"":""Product Type:Allergy MedicineProduct Name:24 Hour Allergy Relief Tablets, Cetirizine HClBrand:ZyrtecFSA/HSA Eligible:YesSize/Count:5.0 eaUPC:31254720430Item Code:553543""}]"
"1751959472-33","https://www.walgreens.com/store/c/allergy-medicine/ID=361485-tier3","Walgreens Allergy Relief Severe Allergy & Sinus Headache Caplets  - 20 ea","https://www.walgreens.com/store/c/walgreens-allergy-relief-severe-allergy-&-sinus-headache-caplets/ID=prod3498196-product","//pics.walgreens.com/prodimg/369774/900.jpg","[{""breadcrumbs"":""Home""},{""breadcrumbs"":""Shop""},{""breadcrumbs"":""Medicines & Treatments""},{""breadcrumbs"":""Allergy & Sinus""},{""breadcrumbs"":""Allergy Medicine""}]","2/$11.00 or 1/$7.79","31191708636","Acetaminophen - 325 mg (Pain Reliever),Diphenhydramine HCl - 25 mg (Antihistamine),Phenylephrine HCl - 5 mg (Nasal Decongestant)","[{""warning"":""Liver warning: This product contains acetaminophen. Severe liver damage may occur if you take\n\nMore than 4,000 mg of acetaminophen in 24 hours\nWith other drugs containing acetaminophen \n3 or more alcoholic drinks every day while using this product\nAllergy alert: Acetaminophen may cause severe skin reactions. Symptoms may include:\n\nSkin reddening\nBlisters\nRash\nIf a skin reaction occurs, stop use and seek medical help right away.\nDo not use\n\nWith any other drug containing acetaminophen (prescription or nonprescription). If you are not sure whether a drug contains acetaminophen, ask a doctor or pharmacist \nWith any other product containing diphenhydramine, even one used on skin \nIf you are now taking a prescription monoamine oxidase inhibitor (MAOI) (certain drugs for depression, psychiatric or emotional conditions, or Parkinson's disease), or for 2 weeks after stopping the MAOI drug. If you do not know if your prescription drug contains an MAOI, ask a doctor or pharmacist before taking this product.\nIf you have ever had an allergic reaction to this product or any of its ingredients\nAsk a doctor before use if you have\n\nGlaucoma\nHeart disease \nHigh blood pressure\nDifficulty in urination due to an enlargement of the prostate gland \nA breathing problem such as emphysema or chronic bronchitis \nLiver disease\nThyroid disease\nDiabetes\nAsk a doctor or pharmacist before use if you are\n\nTaking the blood thinning drug warfarin \nTaking sedatives or tranquilizers\nWhen using this product\n\nDo not exceed recommended dosage \nExcitability may occur, especially in children \nMarked drowsiness may occur \nAlcohol, sedatives, and tranquilizers may increase drowsiness\nUse caution when driving a motor vehicle or operating machinery\nAvoid alcoholic beverages\nStop use and ask a doctor if\n\nNervousness, dizziness, or sleeplessness occur \nPain or nasal congestion gets worse or lasts more than 7 days \nFever gets worse or lasts more than 3 days \nRedness or swelling is present \nNew symptoms occur\nIf pregnant or breast-feeding, ask a health professional before use.\nKeep out of reach of children. In case of accidental overdose, get medical help or contact a Poison Control Center right away. Prompt medical attention is critical for adults as well as for children even if you do not notice any signs or symptoms.""}]","20.0 ea","[{""product_specification"":""Product Type:Allergy MedicineProduct Name:Allergy Relief Severe Allergy & Sinus Headache CapletsBrand:WalgreensFSA/HSA Eligible:YesSize/Count:20.0 eaUPC:31191708636Item Code:555466""}]"
"1751959478-34","https://www.walgreens.com/store/c/allergy-medicine/ID=361485-tier3","Zyrtec Allergy Dissolve Tablets Citrus  - 24 ea","https://www.walgreens.com/store/c/zyrtec-allergy-dissolve-tablets-citrus/ID=prod6062970-product","//pics.walgreens.com/prodimg/324758/900.jpg","[{""breadcrumbs"":""Home""},{""breadcrumbs"":""Shop""},{""breadcrumbs"":""Medicines & Treatments""},{""breadcrumbs"":""Allergy & Sinus""},{""breadcrumbs"":""Allergy Medicine""}]","","30045024224","Cetirizine HCl - 10 mg (Antihistamine)","[{""warning"":""Do not use if you have ever had an allergic reaction to this product or any of its ingredients or to an antihistamine containing hydroxyzine.\nAsk a doctor before use if you have liver or kidney disease. Your doctor should determine if you need a different dose. \nAsk a doctor or pharmacist before use if you are taking tranquilizers or sedatives.\nWhen using this product: \n\nDrowsiness may occur. \nAvoid alcoholic drinks. \nAlcohol, sedatives, and tranquilizers may increase drowsiness. \nBe careful when driving a motor vehicle or operating machinery.\nStop use and ask a doctor if an allergic reaction to this product occurs. Seek medical help right away.\nIf pregnant or breast-feeding:\n\nIf breast-feeding: not recommended. \nIf pregnant: ask a health professional before use. Keep out of reach of children. In case of overdose, get medical help or contact a Poison Control Center right away. (1-800-222-1222)Temporarily relieves these symptoms due to hay fever or other upper respiratory allergies:\n\nRunny nose \nSneezing\nItchy, watery eyes \nItching of the nose or throat""}]","24.0 ea","[{""product_specification"":""Product Type:Allergy MedicineProduct Name:Allergy Dissolve Tablets CitrusBrand:ZyrtecFSA/HSA Eligible:YesSize/Count:24.0 eaUPC:30045024224Item Code:449113""}]"
"1751959483-35","https://www.walgreens.com/store/c/allergy-medicine/ID=361485-tier3","Walgreens Allergy Relief Diphenhydramine Capsules  - 24 ea","https://www.walgreens.com/store/c/walgreens-allergy-relief-diphenhydramine-capsules/ID=300460001-product","//pics.walgreens.com/prodimg/443629/900.jpg","[{""breadcrumbs"":""Home""},{""breadcrumbs"":""Shop""},{""breadcrumbs"":""Medicines & Treatments""},{""breadcrumbs"":""Allergy & Sinus""},{""breadcrumbs"":""Allergy Medicine""}]","$5.49","31191707192","Diphenhydramine HCl - 25 mg (Antihistamine)","[{""warning"":""Do not use\n\nTo make a child sleepy \nWith any other product containing diphenhydramine, even one used on skin\nAsk a doctor before use if you have\n\nA breathing problem such as emphysema or chronic bronchitis\nGlaucoma \nDifficulty in urination due to enlargement of the prostate gland\nAsk a doctor or pharmacist before use if you are taking sedatives or tranquilizers.\nWhen using this product\n\nMarked drowsiness may occur \nAvoid alcoholic beverages\nAlcohol, sedatives, and tranquilizers may increase drowsiness \nUse cation when driving a motor vehicle or operating machinery \nExcitability may occur, especially in children\nIf pregnant or breast-feeding, ask a health professional before use.\nKeep out of reach of children. In case of overdose, get medical help or contact a Poison Control Center right away.""}]","24.0 ea","[{""product_specification"":""Product Type:Allergy MedicineProduct Name:Allergy Relief Diphenhydramine CapsulesBrand:WalgreensFSA/HSA Eligible:YesSize/Count:24.0 eaUPC:31191707192Item Code:593275""}]"
"1751959491-36","https://www.walgreens.com/store/c/allergy-medicine/ID=361485-tier3","Claritin Allergy Medicine, Loratadine Tablets  - 45.0 ea  x 1","https://www.walgreens.com/store/c/claritin-allergy-medicine,-loratadine-tablets/ID=300437448-product","//pics.walgreens.com/prodimg/178585/900.jpg","[{""breadcrumbs"":""Home""},{""breadcrumbs"":""Shop""},{""breadcrumbs"":""Medicines & Treatments""},{""breadcrumbs"":""Allergy & Sinus""},{""breadcrumbs"":""Allergy Medicine""}]","$34.99 $0.78/eaWhen ordered online","04110080614","Loratadine, USP - 10 mg (Antihistamine)","[{""warning"":""DO NOT USE if you have ever had an allergic reaction to this product or any of its ingredients.\nASK A DOCTOR BEFORE USE IF YOU HAVE liver or kidney disease. Your doctor should determine if you need a different dose. \nWHEN USING THIS PRODUCT do not take more than directed. Taking more than directed may cause drowsiness. \nSTOP USE AND ASK A DOCTOR IF an allergic reaction to this product occurs. Seek medical help right away.\nIF PREGNANT OR BREAST-FEEDING, ask a health professional before use. \nKEEP OUT OF REACH OF CHILDREN. In case of overdose, get medical help or contact a Poison Control Center right away.""}]","45.0 ea","[{""product_specification"":""Product Type:Allergy MedicineProduct Name:Allergy Medicine, Loratadine TabletsBrand:ClaritinFSA/HSA Eligible:YesSize/Count:45.0 eaUPC:04110080614Item Code:500099""}]"
"1751959498-37","https://www.walgreens.com/store/c/allergy-medicine/ID=361485-tier3","Abreva Docosanol 10% Cold Sore Treatment  - 0.07 oz   x 2 pack","https://www.walgreens.com/store/c/abreva-docosanol-10-cold-sore-treatment/ID=prod6384636-product","//pics.walgreens.com/prodimg/611769/900.jpg","[{""breadcrumbs"":""Home""},{""breadcrumbs"":""Shop""},{""breadcrumbs"":""Medicines & Treatments""},{""breadcrumbs"":""Allergy & Sinus""},{""breadcrumbs"":""Allergy Medicine""}]","$44.99 $321.36/ozWhen ordered online","30766049358","Docosanol - 10 % (Cold Sore/Fever Blister Treatment)","[{""warning"":""This product cannot be shipped to the following state(s):AAAEAKAPASGUHIMPPRVIShipping Weight (in lbs): 0.06Size in inches (LxWxH): 5.1x 1.71x 5.5""}]","0.07 oz","[{""product_specification"":""Product Type:Allergy MedicineProduct Name:Docosanol 10% Cold Sore TreatmentBrand:AbrevaFSA/HSA Eligible:YesSize/Count:0.07 ozUPC:30766049358Item Code:884301""}]"
"1751959504-38","https://www.walgreens.com/store/c/allergy-medicine/ID=361485-tier3","Claritin RediTabs, 24 HR Non-Drowsy Allergy Relief  - 30 ea","https://www.walgreens.com/store/c/claritin-reditabs,-24-hr-non-drowsy-allergy-relief/ID=prod2497526-product","//pics.walgreens.com/prodimg/156275/900.jpg","[{""breadcrumbs"":""Home""},{""breadcrumbs"":""Shop""},{""breadcrumbs"":""Medicines & Treatments""},{""breadcrumbs"":""Allergy & Sinus""},{""breadcrumbs"":""Allergy Medicine""}]","$23.99 $0.80/eaWhen ordered online","04110080604","Loratadine  - 10 mg (Antihistamine)","[{""warning"":""DO NOT USE if you have ever had an allergic reaction to this product or any of its ingredients. \nASK A DOCTOR BEFORE USE IF YOU HAVE liver or kidney disease. Your doctor should determine if you need a different dose. \nWHEN USING THIS PRODUCT do not take more than directed. Taking more than directed may cause drowsiness. \nSTOP USE AND ASK A DOCTOR IF an allergic reaction to this product occurs. Seek medical help right away.\nIF PREGNANT OR BREAST-FEEDING, ask a health professional before use. \nKEEP OUT OF REACH OF CHILDREN. In case of overdose, get medical help or contact a Poison Control Center right away. Uses: temporarily relieves these symptoms due to hay fever or other upper respiratory allergies:runny nosesneezingitchy, watery eyesitching of the nose or throat""}]","30.0 ea","[{""product_specification"":""Product Type:Allergy MedicineProduct Name:RediTabs, 24 HR Non-Drowsy Allergy ReliefBrand:ClaritinFSA/HSA Eligible:YesSize/Count:30.0 eaUPC:04110080604Item Code:584555""}]"
"1751959512-39","https://www.walgreens.com/store/c/allergy-medicine/ID=361485-tier3","Walgreens 24 Hour Allergy Relief Fexofenadine Tablets  - 30 ea","https://www.walgreens.com/store/c/walgreens-24-hour-allergy-relief-fexofenadine-tablets/ID=300438897-product?skuId=400635152","//pics.walgreens.com/prodimg/635152/900.jpg","[{""breadcrumbs"":""Home""},{""breadcrumbs"":""Shop""},{""breadcrumbs"":""Medicines & Treatments""},{""breadcrumbs"":""Allergy & Sinus""},{""breadcrumbs"":""Allergy Medicine""}]","$18.99 $0.63/eaWhen ordered online","31191712956","Fexofenadine HCl USP - 180 mg (Antihistamine)","[{""warning"":""Do not use if you have ever had an allergic reaction to this product or any of its ingredients.\nAsk a doctor before use if you have kidney disease. Your doctor should determine if you need a different dose.  \nWhen using this product do not take more than directed, do not take at the same time as aluminum or magnesium antacids, and/or do not take with fruit juices (see directions).  \nStop use and ask a doctor if an allergic reaction to this product occurs. Seek medical help right away.  \nIf pregnant or breast-feeding, ask a health professional before use.  \nKeep out of reach of children. In case of overdose, get medical help or contact a Poison Control Center right away.""}]","30.0 ea","[{""product_specification"":""Product Type:Allergy MedicineProduct Name:24 Hour Allergy Relief Fexofenadine TabletsBrand:WalgreensFSA/HSA Eligible:YesSize/Count:30.0 eaUPC:31191712956Item Code:444618""}]"
"1751959521-40","https://www.walgreens.com/store/c/allergy-medicine/ID=361485-tier3","Walgreens Allergy Relief Diphenhydramine Caplets  - 365 ea","https://www.walgreens.com/store/c/walgreens-allergy-relief-diphenhydramine-caplets/ID=300452942-product","//pics.walgreens.com/prodimg/648399/900.jpg","[{""breadcrumbs"":""Home""},{""breadcrumbs"":""Shop""},{""breadcrumbs"":""Medicines & Treatments""},{""breadcrumbs"":""Allergy & Sinus""},{""breadcrumbs"":""Allergy Medicine""}]","$22.99","31191702741","Diphenhydramine HCl - 25 mg (Antihistamine)","[{""warning"":""Do not use\n\nTo make a child sleepy\nWith any other product containing diphenhydramine, even one used on skin\nAsk a doctor before use if you have\n\nGlaucoma\nTrouble urinating due to an enlarged prostate gland\nA breathing problem such as emphysema or chronic bronchitis\nAsk a doctor or pharmacist before use if you are taking sedatives or tranquilizers. \nWhen using this product\n\nMarked drowsiness may occur\nAvoid alcoholic drinks\nAlcohol, sedatives, and tranquilizers may increase drowsiness\nExcitability may occur, especially in children\nBe careful when driving a motor vehicle or operating machinery\nIf pregnant or breast-feeding, ask a health professional before use.\nKeep out of reach of children. In case of overdose, get medical help or contact a Poison Control Center right away. (1-800-222-1222)\nTAMPER EVIDENT: DO NOT USE THIS PRODUCT IF THE IMPRINTED FOIL SEAL OVER THE MOUTH OF THE BOTTLE IS CUT, TORN, BROKEN OR MISSING""}]","365.0 ea","[{""product_specification"":""Product Type:Allergy MedicineProduct Name:Allergy Relief Diphenhydramine CapletsBrand:WalgreensFSA/HSA Eligible:YesSize/Count:365.0 eaUPC:31191702741Item Code:989558""}]"
"1751959529-41","https://www.walgreens.com/store/c/allergy-medicine/ID=361485-tier3","Flonase Allergy Relief Nasal Spray  - 0.62 fl oz","https://www.walgreens.com/store/c/flonase-allergy-relief-nasal-spray/ID=300429178-product","//pics.walgreens.com/prodimg/626421/900.jpg","[{""breadcrumbs"":""Home""},{""breadcrumbs"":""Shop""},{""breadcrumbs"":""Medicines & Treatments""},{""breadcrumbs"":""Allergy & Sinus""},{""breadcrumbs"":""Nasal Sprays""}]","","35310022957","Fluticasone Propionate (Glucocorticoid) - 50 mcg (Allergy symptom reliever)","[{""warning"":""Only for use in the nose. Do not spray into your eyes or mouth. Do not use: In children under 4 years of age. To treat asthma. If you have an injury or surgery to your nose that is not fully healed. If you have ever had an allergic reaction to this product or any of the ingredients. Ask a doctor before use if you have or had glaucoma or cataracts. Ask a doctor or pharmacist before use if you are taking: Medicine for HIV infection (such as ritonavir). A steroid medicine for asthma, allergies or skin rash. Ketoconazole pills (medicine for fungal infection). When using this product the growth rate of some children may be slower. Stinging or sneezing may occur for a few seconds right after use. Do not share this bottle with anyone else as this may spread germs. Remember to tell your doctor about all the medicines you take, including this one. Stop use and ask a doctor if: You have, or come into contact with someone who has, chicken pox, measles or tuberculosis. Your symptoms do not get better within 7 days of starting use or you get new symptoms such as severe facial pain or thick nasal discharge. You may have something more than allergies, such as an infection. You get a constant whistling sound from your nose. This may be a sign of damage inside your nose. You get an allergic reaction to this product. Seek medical help right away. You get new changes to your vision that develop after starting this product. you have severe or frequent nosebleeds If pregnant or breast-feeding, ask a health professional before use. Keep out of reach of children. In case of overdose, get medical help or contact a Poison Control Center right away.""}]","0.62 fl oz","[{""product_specification"":""Product Type:Nasal SpraysProduct Name:Allergy Relief Nasal SprayBrand:FlonaseFSA/HSA Eligible:YesSize/Count:0.62 fl ozUPC:35310022957Item Code:822889""}]"
"1751959536-42","https://www.walgreens.com/store/c/allergy-medicine/ID=361485-tier3","XYZAL 24 Hour Allergy Relief Medicine, Prescription Strength  - 35 ea","https://www.walgreens.com/store/c/xyzal-24-hour-allergy-relief-medicine,-prescription-strength/ID=300404261-product","//pics.walgreens.com/prodimg/587503/900.jpg","[{""breadcrumbs"":""Home""},{""breadcrumbs"":""Shop""},{""breadcrumbs"":""Medicines & Treatments""},{""breadcrumbs"":""Allergy & Sinus""},{""breadcrumbs"":""Allergy Medicine""}]","","04116735101","Levocetirizine Dihydrochloride - 5 mg (Antihistamine)","[{""warning"":""Do not use \n\nIf you have kidney disease \nIf you have ever had an allergic reaction to this product or any of its ingredients or to an antihistamine containing cetirizineAsk a doctor before use if you have \n\nEver had trouble urinating or emptying your bladderWhen using this product \n\nDrowsiness may occur \nAvoid alcoholic drinks \nAlcohol, sedatives, and tranquilizers may increase drowsiness \nBe careful when driving a motor vehicle or operating machineryStop use and ask a doctor if \n\nYou have trouble urinating or emptying your bladder \nAn allergic reaction to this product occurs. Seek medical help right awayIf pregnant or breast-feeding: \n\nIf breast-feeding: not recommended \nIf pregnant: ask a health professional before useKeep out of reach of children. In case of overdose, get medical help or contact a Poison Control Center right away (1-800-222-1222). Other information: Safety Sealed: do not use if carton was opened or if individual blister unit is open or torn.""}]","35.0 ea","[{""product_specification"":""Product Type:Allergy MedicineProduct Name:24 Hour Allergy Relief Medicine, Prescription StrengthBrand:XYZALFSA/HSA Eligible:YesSize/Count:35.0 eaUPC:04116735101Item Code:699488""}]"
"1751959544-43","https://www.walgreens.com/store/c/allergy-medicine/ID=361485-tier3","Walgreens 24 Hour Allergy Relief Loratadine Tablets  - 30 ea","https://www.walgreens.com/store/c/walgreens-24-hour-allergy-relief-loratadine-tablets/ID=300443467-product?skuId=sku6180469","//pics.walgreens.com/prodimg/534009/900.jpg","[{""breadcrumbs"":""Home""},{""breadcrumbs"":""Shop""}]","$18.99 $0.47/eaWhen ordered online","31191716177","Loratadine - 10 mg (Antihistamine)","[{""warning"":""Do not use if you have ever had an allergic reaction to this product or any of its ingredients. Ask a doctor before use if you have liver or kidney disease. Your doctor should determine if you need a different dose. When using this product do not take more than directed. Taking more than directed may cause drowsiness. Stop use and ask a doctor if an allergic reaction to this product occurs. Seek medical help right away. If pregnant or breast-feeding, ask a health professional before use. Keep out of reach of children. In case of overdose, get medical help or contact a Poison Control Center right away. (1-800-222-1222).""}]","30.0 ea","[{""product_specification"":""Product Type:Product Name:24 Hour Allergy Relief Loratadine TabletsBrand:WalgreensFSA/HSA Eligible:YesSize/Count:30.0 eaUPC:31191716177Item Code:317489""}]"
"1751959552-44","https://www.walgreens.com/store/c/allergy-medicine/ID=361485-tier3","Walgreens 24 Hour Allergy Relief Cetirizine Tablets  - 30 ea","https://www.walgreens.com/store/c/walgreens-24-hour-allergy-relief-cetirizine-tablets/ID=300442429-product?skuId=sku6180465","//pics.walgreens.com/prodimg/534007/900.jpg","[{""breadcrumbs"":""Home""},{""breadcrumbs"":""Shop""},{""breadcrumbs"":""Medicines & Treatments""},{""breadcrumbs"":""Allergy & Sinus""},{""breadcrumbs"":""Allergy Medicine""}]","$17.99 $0.60/eaWhen ordered online","31191716173","Cetirizine HCl - 10 mg (Antihistamine)","[{""warning"":""Do not use if you have ever had an allergic reaction to this product or any of its ingredients or to an antihistamine containing hydroxyzine. Ask a doctor before use if you have liver or kidney disease. Your doctor should determine if you need a different dose. Ask a doctor or pharmacist before use if you are taking tranquilizers or sedatives. When using this product: drowsiness may occur; avoid alcoholic drinks; alcohol, sedatives, and tranquilizers may increase drowsiness; be careful when driving a motor vehicle or operating machinery. Stop use and ask a doctor if an allergic reaction to this product occurs. Seek medical help right away. If pregnant or breast-feeding: if breast-feeding: not recommended; if pregnant: ask a health professional before use. Keep out of reach of children. In case of overdose, get medical help or contact a Poison Control Center right away. (1-800-222-1222)""}]","30.0 ea","[{""product_specification"":""Product Type:Allergy MedicineProduct Name:24 Hour Allergy Relief Cetirizine TabletsBrand:WalgreensFSA/HSA Eligible:YesSize/Count:30.0 eaUPC:31191716173Item Code:317485""}]"
"1751959557-45","https://www.walgreens.com/store/c/allergy-medicine/ID=361485-tier3","Claritin Liqui-Gels: 24 Hour Non-Drowsy Allergy Relief  - 30 ea","https://www.walgreens.com/store/c/claritin-liqui-gels:-24-hour-non-drowsy-allergy-relief/ID=300425380-product?skuId=sku6190281","//pics.walgreens.com/prodimg/266544/900.jpg","[{""breadcrumbs"":""Home""},{""breadcrumbs"":""Shop""},{""breadcrumbs"":""Medicines & Treatments""},{""breadcrumbs"":""Allergy & Sinus""},{""breadcrumbs"":""Allergy Medicine""}]","$24.99 $0.83/eaWhen ordered online","04110080798","Loratadine - 10 mg (Antihistamine)","[{""warning"":""DO NOT USE if you have ever had an allergic reaction to this product or any of its ingredients\nASK A DOCTOR BEFORE USE IF YOU HAVE liver or kidney disease. Your doctor should determine if you need a different dose. \nWHEN USING THIS PRODUCT do not take more than directed. Taking more than directed may cause drowsiness. \nSTOP USE AND ASK A DOCTOR IF an allergic reaction to this product occurs. Seek medical help right away.\nIF PREGNANT OR BREAST-FEEDING, ask a health professional before use. \nKEEP OUT OF REACH OF CHILDREN. In case of overdose, get medical help or contact a Poison Control Center right away.""}]","30.0 ea","[{""product_specification"":""Product Type:Allergy MedicineProduct Name:Liqui-Gels: 24 Hour Non-Drowsy Allergy ReliefBrand:ClaritinFSA/HSA Eligible:YesSize/Count:30.0 eaUPC:04110080798Item Code:477141""}]"
"1751959560-46","https://www.walgreens.com/store/c/allergy-medicine/ID=361485-tier3","Walgreens 24 Hour Allergy Relief Cetirizine Softgels  - 40 ea","https://www.walgreens.com/store/c/walgreens-24-hour-allergy-relief-cetirizine-softgels/ID=300445295-product?skuId=400618853","//pics.walgreens.com/prodimg/618853/900.jpg","[{""breadcrumbs"":""Home""},{""breadcrumbs"":""Shop""},{""breadcrumbs"":""Medicines & Treatments""},{""breadcrumbs"":""Allergy & Sinus""},{""breadcrumbs"":""Allergy Medicine""}]","$24.99 $0.62/eaWhen ordered online","31191720225","Cetirizine HCl - 10 mg Antihistamine","[{""warning"":""Do not use if you have ever had an allergic reaction to this product or any of its ingredients or to an antihistamine containing hydroxyzine.\nAsk a doctor before use if you have liver or kidney disease. Your doctor should determine if you need a different dose.\nAsk a doctor or pharmacist before use if you are taking tranquilizers or sedatives.\nWhen using this product\n\nDrowsiness may occur\nAlcohol, sedatives, and tranquilizers may increase drowsiness\nAvoid alcoholic drinks\nBe careful when driving a motor vehicle or operating machinery\nStop use and ask a doctor if an allergic reaction to this product occurs. Seek medical help right away.\nIf pregnant or breast-feeding:\n\nIf breast-feeding: not recommended\nIf pregnant: ask a health professional before use.\nKeep out of reach of children. In case of overdose, get medical help or contact a Poison Control Center right away.\nTAMPER EVIDENT: DO NOT USE IF IMPRINTED SAFETY SEAL UNDER CAP IS BROKEN OR MISSING""}]","40.0 ea","[{""product_specification"":""Product Type:Allergy MedicineProduct Name:24 Hour Allergy Relief Cetirizine SoftgelsBrand:WalgreensFSA/HSA Eligible:YesSize/Count:40.0 eaUPC:31191720225Item Code:827850""}]"
"1751959565-47","https://www.walgreens.com/store/c/allergy-medicine/ID=361485-tier3","Walgreens Children's Allergy Relief Diphenhydramine Dye-Free Liquid Bubble Gum  - 4 oz","https://www.walgreens.com/store/c/walgreens-children's-allergy-relief-diphenhydramine-dye-free-liquid-bubble-gum/ID=prod6048953-product","//pics.walgreens.com/prodimg/368814/900.jpg","[{""breadcrumbs"":""Home""},{""breadcrumbs"":""Shop""},{""breadcrumbs"":""Medicines & Treatments""},{""breadcrumbs"":""Children & Baby's Health Care""},{""breadcrumbs"":""Children's Allergy & Sinus""}]","$7.99 $2.00/oz","31191712058","Diphenhydramine HCl (12.5 mg) (Antihistamine)","[{""warning"":""Do not use\n\nTo make a child sleepy \nIf  you are on a sodium-restricted diet \nWith any other product containing diphenhydramine, including one applied topically\nAsk a doctor before use if the child has\n\nGlaucoma \nA breathing problem such as chronic bronchitis\nAsk a doctor or pharmacist before use if the child is taking sedatives or tranquilizers\nWhen using this product\n\nMarked drowsiness may occur \nSedatives and tranquilizers may increase drowsiness  \nExcitability may occur, especially in children\nKeep this and all drugs out of the reach of children. In case of accidental seek professional assistance or contact a Poison Control Center immediately. 1-800-222-1222.""}]","4.0 oz","[{""product_specification"":""Product Type:Children's Allergy & SinusProduct Name:Children's Allergy Relief Diphenhydramine Dye-Free Liquid Bubble GumBrand:WalgreensFSA/HSA Eligible:YesSize/Count:4.0 ozUPC:31191712058Item Code:461762""}]"
"1751959572-48","https://www.walgreens.com/store/c/allergy-medicine/ID=361485-tier3","Allegra Adult 24 Hour Allergy Tablets, Non-Drowsy Antihistamine  - 30 ea","https://www.walgreens.com/store/c/allegra-adult-24-hour-allergy-tablets,-non-drowsy-antihistamine/ID=300404264-product","//pics.walgreens.com/prodimg/322174/900.jpg","[{""breadcrumbs"":""Home""},{""breadcrumbs"":""Shop""},{""breadcrumbs"":""Medicines & Treatments""},{""breadcrumbs"":""Allergy & Sinus""},{""breadcrumbs"":""Allergy Medicine""}]","","04116741251","Fexofenadine HCl - 180 mg (Antihistamine)","[{""warning"":""Do not use if you have ever had an allergic reaction to this product or any of its ingredients. Ask a doctor before use if you have kidney disease. Your doctor should determine if you need a different dose. When using this product: \n\nDo not take more than directed \nDo not take at the same time as aluminum or magnesium antacids \nDo not take with fruit juices (see directions)Stop use and ask a doctor if an allergic reaction to this product occurs. Seek medical help right away. If pregnant or breast-feeding, ask a health professional before use. Keep out of reach of children. In case of overdose, get medical help or contact a Poison Control Center right away.""}]","30.0 ea","[{""product_specification"":""Product Type:Allergy MedicineProduct Name:Adult 24 Hour Allergy Tablets, Non-Drowsy AntihistamineBrand:AllegraFSA/HSA Eligible:YesSize/Count:30.0 eaUPC:04116741251Item Code:459354""}]"
"1751959581-49","https://www.walgreens.com/store/c/allergy-medicine/ID=361485-tier3","Allegra Adult 24 Hour Allergy Tablets, Non-Drowsy Antihistamine  - 70 ea","https://www.walgreens.com/store/c/allegra-adult-24-hour-allergy-tablets,-non-drowsy-antihistamine/ID=300404266-product","//pics.walgreens.com/prodimg/390836/900.jpg","[{""breadcrumbs"":""Home""},{""breadcrumbs"":""Shop""},{""breadcrumbs"":""Medicines & Treatments""},{""breadcrumbs"":""Allergy & Sinus""},{""breadcrumbs"":""Allergy Medicine""}]","$36.99 $0.53/eaWhen ordered online","04116741206","Fexofenadine HCl - 180 mg (Antihistamine)","[{""warning"":""Do not use if you have ever had an allergic reaction to this product or any of its ingredients.\nAsk a doctor before use if you have kidney disease. Your doctor should determine if you need a different dose.\nWhen using this product\n\ndo not take more than directed \ndo not take at the same time as aluminum or magnesium antacids \ndo not take with fruit juices (see Directions)\nStop use and ask a doctor if an allergic reaction to this product occurs. Seek medical help right away.\nIf pregnant or breast-feeding, ask a health professional before use.\nKeep out of reach of children. In case of overdose, get medical help or contact a Poison Control Center right away.""}]","70.0 ea","[{""product_specification"":""Product Type:Allergy MedicineProduct Name:Adult 24 Hour Allergy Tablets, Non-Drowsy AntihistamineBrand:AllegraFSA/HSA Eligible:YesSize/Count:70.0 eaUPC:04116741206Item Code:417693""}]"
"1751959590-50","https://www.walgreens.com/store/c/allergy-medicine/ID=361485-tier3","Flonase Allergy Relief Nasal Spray Scent Free, 60 Sprays  - 60 ea","https://www.walgreens.com/store/c/flonase-allergy-relief-nasal-spray-scent-free,-60-sprays/ID=prod6342251-product","//pics.walgreens.com/prodimg/588314/900.jpg","[{""breadcrumbs"":""Home""},{""breadcrumbs"":""Shop""},{""breadcrumbs"":""Medicines & Treatments""},{""breadcrumbs"":""Allergy & Sinus""},{""breadcrumbs"":""Nasal Sprays""}]","$19.99 $58.79/ozWhen ordered online","35310020215","Fluticasone Furoate (glucocorticoid) - 27.5 mcg (Allergy Symptom Reliever)","[{""warning"":""Only for use in the nose. Do not spray into your eyes or mouth. Do not use in children under 2 years of age to treat asthma if you have an injury or surgery to your nose that is not fully healed if you have ever had an allergic reaction to this product or any of the ingredients Ask a doctor before use if you have or had glaucoma or cataracts Ask a doctor or pharmacist before use if you are taking medicine for HIV infection (such as ritonavir) a steroid medicine for asthma, allergies or skin rash ketoconazole pills (medicine for fungal infection) When using this product the growth rate of some children may be slower stinging or sneezing may occur for a few seconds right after use do not share this bottle with anyone else as this may spread germs remember to tell your doctor about all the medicines you take, including this one Stop use and ask a doctor if you have, or come into contact with someone who has, chicken pox, measles or tuberculosis your symptoms do not get better within 7 days of starting use or you get new symptoms such as severe facial pain or thick nasal discharge. You may have something more than allergies, such as an infection. you get a constant whistling sound from your nose. This may be a sign of damage inside your nose. you get an allergic reaction to this product. Seek medical help right away. you get new changes to your vision that develop after starting this product you have severe or frequent nosebleeds If pregnant or breast-feeding, ask a health professional before use. Keep out of reach of children. In case of overdose, get medical help or contact a Poison Control Center right away.Temporarily relieves these symptoms of hay fever or other upper respiratory allergies: nasal congestion itchy nose runny nose itchy, watery eyes sneezing""}]","60.0 ea","[{""product_specification"":""Product Type:Nasal SpraysProduct Name:Allergy Relief Nasal Spray Scent Free, 60 SpraysBrand:FlonaseFSA/HSA Eligible:YesSize/Count:60.0 eaUPC:35310020215Item Code:973629""}]"
"1751959595-51","https://www.walgreens.com/store/c/allergy-medicine/ID=361485-tier3","Zyrtec 24 Hour Allergy Relief Tablets  - 30 ea","https://www.walgreens.com/store/c/zyrtec-24-hour-allergy-relief-tablets/ID=300400380-product?skuId=sku3663983","//pics.walgreens.com/prodimg/182654/900.jpg","[{""breadcrumbs"":""Home""},{""breadcrumbs"":""Shop""},{""breadcrumbs"":""Medicines & Treatments""},{""breadcrumbs"":""Allergy & Sinus""},{""breadcrumbs"":""Allergy Medicine""}]","","31254720436","Cetirizine HCl - 10 mg (Antihistamine)","[{""warning"":""Do not use if you have ever had an allergic reaction to this product or any of its ingredients or to an antihistamine containing hydroxyzine.\nAsk a doctor before use if you have liver or kidney disease. Your doctor should determine if you need a different dose.\nAsk a doctor or pharmacist before use if you are taking tranquilizers or sedatives.\nWhen using this product:\n\nDrowsiness may occur. \nAvoid alcoholic drinks. \nAlcohol, sedatives, and tranquilizers may increase drowsiness. \nBe careful when driving a motor vehicle or operating machinery. \nStop use and ask a doctor if an allergic reaction to this product occurs. Seek medical help right away.\nIf pregnant or breast-feeding:\n\nIf breast-feeding: not recommended. \nIf pregnant: ask a health professional before use. Keep out of reach of children. In case of overdose, get medical help or contact a Poison Control Center right away.""}]","30.0 ea","[{""product_specification"":""Product Type:Allergy MedicineProduct Name:24 Hour Allergy Relief TabletsBrand:ZyrtecFSA/HSA Eligible:YesSize/Count:30.0 eaUPC:31254720436Item Code:553546""}]"
"1751959603-52","https://www.walgreens.com/store/c/allergy-medicine/ID=361485-tier3","Benadryl Allergy Plus Congestion Ultratabs  - 24 ea","https://www.walgreens.com/store/c/benadryl-allergy-plus-congestion-ultratabs/ID=prod6384324-product","//pics.walgreens.com/prodimg/607206/900.jpg","[{""breadcrumbs"":""Home""},{""breadcrumbs"":""Shop""},{""breadcrumbs"":""Medicines & Treatments""},{""breadcrumbs"":""Allergy & Sinus""},{""breadcrumbs"":""Allergy Medicine""}]","$10.99 $0.46/ea","30045055726","Diphenhydramine HCl - 25 mg (Antihistamine),Phenylephrine HCl - 10 mg (Nasal decongestant)","[{""warning"":""Do not use:\n\nTo make a child sleepy \nWith any other product containing diphenhydramine, even one used on skin \nIf you are now taking a prescription monoamine oxidase inhibitor (MAOI) (certain drugs for depression, psychiatric or emotional conditions, or Parkinson's disease), or for 2 weeks after stopping the MAOI drug. If you do not know if your prescription drug contains an MAOI, ask a doctor or pharmacist before taking this product.\nAsk a doctor before use if you have\n\n\nHeart disease \nHigh blood pressure \nThyroid disease \nDiabetes \nTrouble urinating due to an enlarged prostate gland \nA breathing problem such as emphysema or chronic bronchitis \nGlaucoma\nAsk a doctor or pharmacist before use if you are taking sedatives or tranquilizers\nWhen using this product\n\n\nDo not exceed recommended dose \nMarked drowsiness may occur \nAvoid alcoholic drinks \nAlcohol, sedatives, and tranquilizers may increase drowsiness \nBe careful when driving a motor vehicle or operating machinery \nExcitability may occur, especially in children\nStop use and ask a doctor if\n\n\nNervousness, dizziness, or sleeplessness occur \nSymptoms do not improve within 7 days or occur with a fever\nIf pregnant or breast-feeding, ask a health professional before use.\nKeep out of reach of children. In case of overdose, get medical help or contact a Poison Control Center right away. (1-800-222-1222)  Temporarily relieves these symptoms due to hay fever or other upper respiratory allergies:\n\nRunny nose  \nSneezing  \nItchy, watery eyes  \nItching of the nose or throat  \nNasal congestion \nTemporarily relieves these symptoms due to the common cold: \n\n Runny nose  \n Sneezing  \n Nasal congestion \nTemporarily relieves sinus congestion and pressure""}]","24.0 ea","[{""product_specification"":""Product Type:Allergy MedicineProduct Name:Allergy Plus Congestion UltratabsBrand:BenadrylFSA/HSA Eligible:YesSize/Count:24.0 eaUPC:30045055726Item Code:988651""}]"
